timeStamp,elapsed,label,responseCode,responseMessage,threadName,dataType,success,failureMessage,bytes,sentBytes,grpThreads,allThreads,Latency,IdleTime,Connect
1494486646078,4112,bp10s1,200,OK,bp10 5-1,text,true,,70809,0,1,5,0,0,0
1494486645764,4112,bp10,200,"Number of samples in transaction : 1, number of failing samples : 0",bp10 5-1,,true,,70809,0,1,5,0,361,0
1494486646079,5877,bp06s1,200,OK,bp06 1-1,text,true,,111442,0,1,5,0,0,0
1494486646065,6073,bp07s1,200,OK,bp07 2-1,text,true,,111443,0,1,5,0,0,0
1494486646065,6137,bp09s1,200,OK,bp09 4-1,text,true,,111443,0,1,5,0,0,0
1494486646065,6273,bp08s1,200,OK,bp08 3-1,text,true,,111430,0,1,5,0,0,0
1494486652477,130,bp07s2,200,OK,bp07 2-1,text,true,,110468,0,1,5,0,0,0
1494486652542,122,bp09s2A,200,OK,bp09 4-1,text,true,,111440,0,1,5,0,0,0
1494486652675,113,bp08s2A,200,OK,bp08 3-1,text,true,,111430,0,1,5,0,0,0
1494486652968,2380,bp07s3,200,OK,bp07 2-1,text,true,,135164,0,1,5,0,0,0
1494486653116,3058,bp08s2,200,OK,bp08 3-1,text,true,,294216,0,1,5,0,0,0
1494486653002,3187,bp09s2,200,OK,bp09 4-1,text,true,,294228,0,1,5,0,0,0
1494486652313,4750,bp06s2,200,OK,bp06 1-1,text,true,,97118,0,1,5,0,0,0
1494486655695,2083,bp07s4,200,OK,bp07 2-1,text,true,,109534,0,1,5,0,0,0
1494486656554,2588,bp09s3,200,OK,bp09 4-1,text,true,,181050,0,1,5,0,0,0
1494486658103,1874,bp07s5,200,OK,bp07 2-1,text,true,,135172,0,1,5,0,0,0
1494486657419,2901,bp06s3,200,OK,bp06 1-1,text,true,,180900,0,1,5,0,0,0
1494486659486,2583,bp09s4,200,OK,bp09 4-1,text,true,,294232,0,1,5,0,0,0
1494486660319,2010,bp07s6,200,OK,bp07 2-1,text,true,,94406,0,1,5,0,0,0
1494486660657,2910,bp06s4,200,OK,bp06 1-1,text,true,,181045,0,1,5,0,0,0
1494486662666,1696,bp07s7,200,OK,bp07 2-1,text,true,,135171,0,1,5,0,0,0
1494486662422,2574,bp09s5,200,OK,bp09 4-1,text,true,,144493,0,1,5,0,0,0
1494486663900,2717,bp06s5,200,OK,bp06 1-1,text,true,,181057,0,1,5,0,0,0
1494486664690,2510,bp07s8,200,OK,bp07 2-1,text,true,,161197,0,1,5,0,0,0
1494486656546,11264,bp08s3,200,OK,bp08 3-1,text,true,,195424,0,1,5,0,0,0
1494486665326,2859,bp09s6,200,OK,bp09 4-1,text,true,,294232,0,1,5,0,0,0
1494486667542,1872,bp07s9,200,OK,bp07 2-1,text,true,,135172,0,1,5,0,0,0
1494486666957,2526,bp06s6,200,OK,bp06 1-1,text,true,,181054,0,1,5,0,0,0
1494486668144,2748,bp08s4,200,OK,bp08 3-1,text,true,,294217,0,1,5,0,0,0
1494486668538,2868,bp09s7,200,OK,bp09 4-1,text,true,,155255,0,1,5,0,0,0
1494486669744,2003,bp07s10,200,OK,bp07 2-1,text,true,,88836,0,1,5,0,0,0
1494486669816,2850,bp06s7,200,OK,bp06 1-1,text,true,,181054,0,1,5,0,0,0
1494486672073,1898,bp07s11,200,OK,bp07 2-1,text,true,,135171,0,1,5,0,0,0
1494486671744,3267,bp09s8,200,OK,bp09 4-1,text,true,,111444,0,1,5,0,0,0
1494486645749,26185,bp09,200,"Number of samples in transaction : 10, number of failing samples : 0",bp09 4-1,,true,,1697817,0,1,5,0,3105,0
1494486673001,2388,bp06s8,200,OK,bp06 1-1,text,true,,181041,0,1,5,0,0,0
1494486674305,1765,bp07s12,200,OK,bp07 2-1,text,true,,92028,0,1,5,0,0,0
1494486676396,2067,bp07s13,200,OK,bp07 2-1,text,true,,135172,0,1,5,0,0,0
1494486675725,2961,bp06s9,200,OK,bp06 1-1,text,true,,181042,0,1,5,0,0,0
1494486678798,2186,bp07s14,200,OK,bp07 2-1,text,true,,88116,0,1,5,0,0,0
1494486679020,3380,bp06s10,200,OK,bp06 1-1,text,true,,111290,0,1,5,0,0,0
1494486645764,33260,bp06,200,"Number of samples in transaction : 10, number of failing samples : 0",bp06 1-1,,true,,1587043,0,1,5,0,3404,0
1494486681312,3011,bp07s15,200,OK,bp07 2-1,text,true,,111292,0,1,5,0,0,0
1494486645705,33558,bp07,200,"Number of samples in transaction : 15, number of failing samples : 0",bp07 2-1,,true,,1778342,0,1,5,0,5079,0
1494486671255,17883,bp08s5,200,OK,bp08 3-1,text,true,,201247,0,1,5,0,0,0
1494486689474,2578,bp08s6,200,OK,bp08 3-1,text,true,,294215,0,1,5,0,0,0
1494486692416,9339,bp08s7,200,OK,bp08 3-1,text,true,,199094,0,1,5,0,0,0
1494486702140,3030,bp08s8,200,OK,bp08 3-1,text,true,,111775,0,1,5,0,0,0
1494486645749,56286,bp08,200,"Number of samples in transaction : 10, number of failing samples : 0",bp08 3-1,,true,,1813048,0,1,5,0,3159,0
1494486830842,1953,bp10s1,200,OK,bp10 5-1,text,true,,70811,0,1,5,0,0,0
1494486830540,1953,bp10,200,"Number of samples in transaction : 1, number of failing samples : 0",bp10 5-1,,true,,70811,0,1,5,0,320,0
1494486855678,3151,bp09s1,200,OK,bp09 4-1,text,true,,111444,0,1,5,0,0,0
1494486859166,96,bp09s2A,200,OK,bp09 4-1,text,true,,111441,0,1,5,0,0,0
1494486859620,2645,bp09s2,200,OK,bp09 4-1,text,true,,294232,0,1,5,0,0,0
1494486863032,2691,bp06s1,200,OK,bp06 1-1,text,true,,111289,0,1,5,0,0,0
1494486862610,4705,bp09s3,200,OK,bp09 4-1,text,true,,182327,0,1,5,0,0,0
1494486864945,2876,bp07s1,200,OK,bp07 2-1,text,true,,111290,0,1,5,0,0,0
1494486868152,132,bp07s2,200,OK,bp07 2-1,text,true,,110207,0,1,5,0,0,0
1494486866049,2922,bp06s2,200,OK,bp06 1-1,text,true,,97106,0,1,5,0,0,0
1494486867641,2574,bp09s4,200,OK,bp09 4-1,text,true,,294231,0,1,5,0,0,0
1494486868747,1716,bp07s3,200,OK,bp07 2-1,text,true,,135172,0,1,5,0,0,0
1494486869308,2381,bp06s3,200,OK,bp06 1-1,text,true,,144334,0,1,5,0,0,0
1494486870790,1738,bp07s4,200,OK,bp07 2-1,text,true,,109533,0,1,5,0,0,0
1494486870561,2569,bp09s5,200,OK,bp09 4-1,text,true,,148704,0,1,5,0,0,0
1494486872022,2309,bp06s4,200,OK,bp06 1-1,text,true,,144481,0,1,5,0,0,0
1494486872852,1735,bp07s5,200,OK,bp07 2-1,text,true,,135172,0,1,5,0,0,0
1494486873474,2543,bp09s6,200,OK,bp09 4-1,text,true,,294232,0,1,5,0,0,0
1494486874915,1746,bp07s6,200,OK,bp07 2-1,text,true,,94406,0,1,5,0,0,0
1494486874661,2392,bp06s5,200,OK,bp06 1-1,text,true,,144496,0,1,5,0,0,0
1494486876984,1724,bp07s7,200,OK,bp07 2-1,text,true,,135172,0,1,5,0,0,0
1494486876364,3200,bp09s7,200,OK,bp09 4-1,text,true,,130588,0,1,5,0,0,0
1494486877396,2841,bp06s6,200,OK,bp06 1-1,text,true,,144491,0,1,5,0,0,0
1494486879033,2009,bp07s8,200,OK,bp07 2-1,text,true,,161196,0,1,5,0,0,0
1494486879893,2971,bp09s8,200,OK,bp09 4-1,text,true,,111648,0,1,5,0,0,0
1494486855364,24454,bp09,200,"Number of samples in transaction : 10, number of failing samples : 0",bp09 4-1,,true,,1678847,0,1,5,0,3093,0
1494486880566,2387,bp06s7,200,OK,bp06 1-1,text,true,,144489,0,1,5,0,0,0
1494486881373,1681,bp07s9,200,OK,bp07 2-1,text,true,,135171,0,1,5,0,0,0
1494486883393,1641,bp07s10,200,OK,bp07 2-1,text,true,,88837,0,1,5,0,0,0
1494486883292,2428,bp06s8,200,OK,bp06 1-1,text,true,,144478,0,1,5,0,0,0
1494486885356,1660,bp07s11,200,OK,bp07 2-1,text,true,,135171,0,1,5,0,0,0
1494486886048,2375,bp06s9,200,OK,bp06 1-1,text,true,,144478,0,1,5,0,0,0
1494486885765,3085,bp08s1,200,OK,bp08 3-1,text,true,,111431,0,1,5,0,0,0
1494486887344,1719,bp07s12,200,OK,bp07 2-1,text,true,,92029,0,1,5,0,0,0
1494486889176,95,bp08s2A,200,OK,bp08 3-1,text,true,,111431,0,1,5,0,0,0
1494486889399,1786,bp07s13,200,OK,bp07 2-1,text,true,,135171,0,1,5,0,0,0
1494486888752,3149,bp06s10,200,OK,bp06 1-1,text,true,,111291,0,1,5,0,0,0
1494486862741,25875,bp06,200,"Number of samples in transaction : 10, number of failing samples : 0",bp06 1-1,,true,,1330933,0,1,5,0,3338,0
1494486889593,2699,bp08s2,200,OK,bp08 3-1,text,true,,294218,0,1,5,0,0,0
1494486891518,1694,bp07s14,200,OK,bp07 2-1,text,true,,88116,0,1,5,0,0,0
1494486893534,2996,bp07s15,200,OK,bp07 2-1,text,true,,111329,0,1,5,0,0,0
1494486864643,26853,bp07,200,"Number of samples in transaction : 15, number of failing samples : 0",bp07 2-1,,true,,1777972,0,1,5,0,5055,0
1494486892643,16899,bp08s3,200,OK,bp08 3-1,text,true,,197727,0,1,5,0,0,0
1494486909887,2644,bp08s4,200,OK,bp08 3-1,text,true,,294219,0,1,5,0,0,0
1494486912878,37838,bp08s5,200,OK,bp08 3-1,text,true,,228929,0,1,5,0,0,0
1494486951073,2960,bp08s6,200,OK,bp08 3-1,text,true,,294217,0,1,5,0,0,0
1494486954424,11673,bp08s7,200,OK,bp08 3-1,text,true,,199698,0,1,5,0,0,0
1494486966425,3100,bp08s8,200,OK,bp08 3-1,text,true,,111786,0,1,5,0,0,0
1494486885463,80993,bp08,200,"Number of samples in transaction : 10, number of failing samples : 0",bp08 3-1,,true,,1843656,0,1,5,0,3126,0
1494487013423,2423,bp10s1,200,OK,bp10 5-1,text,true,,70811,0,1,5,0,0,0
1494487013121,2423,bp10,200,"Number of samples in transaction : 1, number of failing samples : 0",bp10 5-1,,true,,70811,0,1,5,0,319,0
1494487063517,3675,bp09s1,200,OK,bp09 4-1,text,true,,111442,0,1,5,0,0,0
1494487067525,95,bp09s2A,200,OK,bp09 4-1,text,true,,111439,0,1,5,0,0,0
1494487067965,2816,bp09s2,200,OK,bp09 4-1,text,true,,294228,0,1,5,0,0,0
1494487071121,3421,bp09s3,200,OK,bp09 4-1,text,true,,137580,0,1,5,0,0,0
1494487072542,4123,bp06s1,200,OK,bp06 1-1,text,true,,111292,0,1,5,0,0,0
1494487074872,2936,bp09s4,200,OK,bp09 4-1,text,true,,294230,0,1,5,0,0,0
1494487076994,326,bp06s2,200,OK,bp06 1-1,text,true,,97091,0,1,5,0,0,0
1494487077154,5100,bp07s1,200,OK,bp07 2-1,text,true,,111328,0,1,5,0,0,0
1494487082579,112,bp07s2,200,OK,bp07 2-1,text,true,,110245,0,1,5,0,0,0
1494487078151,4652,bp09s5,200,OK,bp09 4-1,text,true,,140879,0,1,5,0,0,0
1494487083041,2154,bp07s3,200,OK,bp07 2-1,text,true,,135172,0,1,5,0,0,0
1494487082004,3474,bp06s3,200,OK,bp06 1-1,text,true,,155103,0,1,5,0,0,0
1494487083132,2840,bp09s6,200,OK,bp09 4-1,text,true,,294232,0,1,5,0,0,0
1494487085529,2127,bp07s4,200,OK,bp07 2-1,text,true,,109534,0,1,5,0,0,0
1494487085806,3856,bp06s4,200,OK,bp06 1-1,text,true,,155250,0,1,5,0,0,0
1494487087980,3164,bp07s5,200,OK,bp07 2-1,text,true,,135172,0,1,5,0,0,0
1494487086318,6470,bp09s7,200,OK,bp09 4-1,text,true,,132799,0,1,5,0,0,0
1494487091471,2256,bp07s6,200,OK,bp07 2-1,text,true,,94407,0,1,5,0,0,0
1494487089993,4665,bp06s5,200,OK,bp06 1-1,text,true,,155257,0,1,5,0,0,0
1494487094063,1829,bp07s7,200,OK,bp07 2-1,text,true,,135171,0,1,5,0,0,0
1494487093118,4033,bp09s8,200,OK,bp09 4-1,text,true,,111644,0,1,5,0,0,0
1494487063203,30938,bp09,200,"Number of samples in transaction : 10, number of failing samples : 0",bp09 4-1,,true,,1628473,0,1,5,0,3031,0
1494487096255,2572,bp07s8,200,OK,bp07 2-1,text,true,,161195,0,1,5,0,0,0
1494487094987,4368,bp06s6,200,OK,bp06 1-1,text,true,,155251,0,1,5,0,0,0
1494487099157,1810,bp07s9,200,OK,bp07 2-1,text,true,,135172,0,1,5,0,0,0
1494487099684,2754,bp06s7,200,OK,bp06 1-1,text,true,,155306,0,1,5,0,0,0
1494487101296,1734,bp07s10,200,OK,bp07 2-1,text,true,,88838,0,1,5,0,0,0
1494487103351,1974,bp07s11,200,OK,bp07 2-1,text,true,,135170,0,1,5,0,0,0
1494487102766,3052,bp06s8,200,OK,bp06 1-1,text,true,,155248,0,1,5,0,0,0
1494487105651,1680,bp07s12,200,OK,bp07 2-1,text,true,,92029,0,1,5,0,0,0
1494487106148,3430,bp06s9,200,OK,bp06 1-1,text,true,,155241,0,1,5,0,0,0
1494487107653,2005,bp07s13,200,OK,bp07 2-1,text,true,,135172,0,1,5,0,0,0
1494487109993,2023,bp07s14,200,OK,bp07 2-1,text,true,,88117,0,1,5,0,0,0
1494487109917,3595,bp06s10,200,OK,bp06 1-1,text,true,,111290,0,1,5,0,0,0
1494487072241,33643,bp06,200,"Number of samples in transaction : 10, number of failing samples : 0",bp06 1-1,,true,,1406329,0,1,5,0,7646,0
1494487112338,3085,bp07s15,200,OK,bp07 2-1,text,true,,111333,0,1,5,0,0,0
1494487076852,33625,bp07,200,"Number of samples in transaction : 15, number of failing samples : 0",bp07 2-1,,true,,1778055,0,1,5,0,4967,0
1494487150175,3541,bp08s1,200,OK,bp08 3-1,text,true,,111425,0,1,5,0,0,0
1494487154029,98,bp08s2A,200,OK,bp08 3-1,text,true,,111425,0,1,5,0,0,0
1494487154483,2647,bp08s2,200,OK,bp08 3-1,text,true,,294217,0,1,5,0,0,0
1494487157485,15646,bp08s3,200,OK,bp08 3-1,text,true,,201292,0,1,5,0,0,0
1494487173477,2791,bp08s4,200,OK,bp08 3-1,text,true,,294217,0,1,5,0,0,0
1494487196465,1579,bp10s1,200,OK,bp10 5-1,text,true,,70811,0,1,5,0,0,0
1494487196164,1579,bp10,200,"Number of samples in transaction : 1, number of failing samples : 0",bp10 5-1,,true,,70811,0,1,5,0,330,0
1494487176613,23795,bp08s5,200,OK,bp08 3-1,text,true,,205861,0,1,5,0,0,0
1494487200732,2799,bp08s6,200,OK,bp08 3-1,text,true,,294218,0,1,5,0,0,0
1494487203876,9141,bp08s7,200,OK,bp08 3-1,text,true,,186108,0,1,5,0,0,0
1494487213352,3030,bp08s8,200,OK,bp08 3-1,text,true,,111558,0,1,5,0,0,0
1494487149861,63488,bp08,200,"Number of samples in transaction : 10, number of failing samples : 0",bp08 3-1,,true,,1810321,0,1,5,0,3102,0
1494487277785,4569,bp09s1,200,OK,bp09 4-1,text,true,,111443,0,1,5,0,0,0
1494487282689,95,bp09s2A,200,OK,bp09 4-1,text,true,,111440,0,1,5,0,0,0
1494487283125,3088,bp09s2,200,OK,bp09 4-1,text,true,,294229,0,1,5,0,0,0
1494487286562,5000,bp09s3,200,OK,bp09 4-1,text,true,,142011,0,1,5,0,0,0
1494487291899,2824,bp09s4,200,OK,bp09 4-1,text,true,,294230,0,1,5,0,0,0
1494487294126,3604,bp06s1,200,OK,bp06 1-1,text,true,,111290,0,1,5,0,0,0
1494487295044,4509,bp09s5,200,OK,bp09 4-1,text,true,,138174,0,1,5,0,0,0
1494487296037,4640,bp07s1,200,OK,bp07 2-1,text,true,,111331,0,1,5,0,0,0
1494487301005,145,bp07s2,200,OK,bp07 2-1,text,true,,110248,0,1,5,0,0,0
1494487298056,3794,bp06s2,200,OK,bp06 1-1,text,true,,144877,0,1,5,0,0,0
1494487299879,2861,bp09s6,200,OK,bp09 4-1,text,true,,294231,0,1,5,0,0,0
1494487301591,2034,bp07s3,200,OK,bp07 2-1,text,true,,135172,0,1,5,0,0,0
1494487303085,1889,bp09s7,200,OK,bp09 4-1,text,false,Test failed: text expected to contain /<title>Graduate Certificate in Child Protection Practice</title>/,84463,0,1,5,0,0,0
1494487303954,1938,bp07s4,200,OK,bp07 2-1,text,true,,109534,0,1,5,0,0,0
1494487306246,2139,bp07s5,200,OK,bp07 2-1,text,true,,135172,0,1,5,0,0,0
1494487302182,6485,bp06s3,200,OK,bp06 1-1,text,true,,182181,0,1,5,0,0,0
1494487305295,4720,bp09s8,200,OK,bp09 4-1,text,true,,111708,0,1,5,0,0,0
1494487277498,29555,bp09,,"Number of samples in transaction : 10, number of failing samples : 1",bp09 4-1,,false,,1581929,0,1,5,0,3031,0
1494487308718,1984,bp07s6,200,OK,bp07 2-1,text,true,,94407,0,1,5,0,0,0
1494487311024,2056,bp07s7,200,OK,bp07 2-1,text,true,,135172,0,1,5,0,0,0
1494487313409,2153,bp07s8,200,OK,bp07 2-1,text,true,,161197,0,1,5,0,0,0
1494487309021,8270,bp06s4,200,OK,bp06 1-1,text,true,,182327,0,1,5,0,0,0
1494487315892,1893,bp07s9,200,OK,bp07 2-1,text,true,,135171,0,1,5,0,0,0
1494487318111,2619,bp07s10,200,OK,bp07 2-1,text,true,,88838,0,1,5,0,0,0
1494487321051,1968,bp07s11,200,OK,bp07 2-1,text,true,,135172,0,1,5,0,0,0
1494487317622,6537,bp06s5,200,OK,bp06 1-1,text,true,,182334,0,1,5,0,0,0
1494487323351,1699,bp07s12,200,OK,bp07 2-1,text,true,,92027,0,1,5,0,0,0
1494487325373,1818,bp07s13,200,OK,bp07 2-1,text,true,,135172,0,1,5,0,0,0
1494487327517,1689,bp07s14,200,OK,bp07 2-1,text,true,,88117,0,1,5,0,0,0
1494487324490,5560,bp06s6,200,OK,bp06 1-1,text,true,,182341,0,1,5,0,0,0
1494487329530,2942,bp07s15,200,OK,bp07 2-1,text,true,,111333,0,1,5,0,0,0
1494487295736,31717,bp07,200,"Number of samples in transaction : 15, number of failing samples : 0",bp07 2-1,,true,,1778063,0,1,5,0,5040,0
1494487330393,5179,bp06s7,200,OK,bp06 1-1,text,true,,182334,0,1,5,0,0,0
1494487335917,5566,bp06s8,200,OK,bp06 1-1,text,true,,182322,0,1,5,0,0,0
1494487341815,5372,bp06s9,200,OK,bp06 1-1,text,true,,182314,0,1,5,0,0,0
1494487347505,3032,bp06s10,200,OK,bp06 1-1,text,true,,111318,0,1,5,0,0,0
1494487293825,53399,bp06,200,"Number of samples in transaction : 10, number of failing samples : 0",bp06 1-1,,true,,1643638,0,1,5,0,3359,0
1494487378659,2405,bp10s1,200,OK,bp10 5-1,text,true,,70812,0,1,5,0,0,0
1494487378358,2405,bp10,200,"Number of samples in transaction : 1, number of failing samples : 0",bp10 5-1,,true,,70812,0,1,5,0,319,0
1494487397052,4639,bp08s1,200,OK,bp08 3-1,text,true,,111430,0,1,5,0,0,0
1494487401999,94,bp08s2A,200,OK,bp08 3-1,text,true,,111430,0,1,5,0,0,0
1494487402467,2871,bp08s2,200,OK,bp08 3-1,text,true,,294220,0,1,5,0,0,0
1494487405654,13600,bp08s3,200,OK,bp08 3-1,text,true,,201570,0,1,5,0,0,0
1494487419603,3074,bp08s4,200,OK,bp08 3-1,text,true,,294217,0,1,5,0,0,0
1494487423035,14006,bp08s5,200,OK,bp08 3-1,text,true,,194806,0,1,5,0,0,0
1494487437347,2459,bp08s6,200,OK,bp08 3-1,text,true,,294219,0,1,5,0,0,0
1494487440159,12174,bp08s7,200,OK,bp08 3-1,text,true,,194341,0,1,5,0,0,0
1494487452673,4710,bp08s8,200,OK,bp08 3-1,text,true,,111705,0,1,5,0,0,0
1494487396753,57627,bp08,200,"Number of samples in transaction : 10, number of failing samples : 0",bp08 3-1,,true,,1807938,0,1,5,0,3110,0
1494487490648,3476,bp09s1,200,OK,bp09 4-1,text,true,,111443,0,1,5,0,0,0
1494487494471,93,bp09s2A,200,OK,bp09 4-1,text,true,,111440,0,1,5,0,0,0
1494487494922,2593,bp09s2,200,OK,bp09 4-1,text,true,,294232,0,1,5,0,0,0
1494487497879,1587,bp09s3,200,OK,bp09 4-1,text,false,Test failed: text expected to contain /<title> Master of Health Science Physiology</title>/,84464,0,1,5,0,0,0
1494487499769,2582,bp09s4,200,OK,bp09 4-1,text,true,,294232,0,1,5,0,0,0
1494487502711,2442,bp09s5,200,OK,bp09 4-1,text,true,,148213,0,1,5,0,0,0
1494487505446,2901,bp09s6,200,OK,bp09 4-1,text,true,,294230,0,1,5,0,0,0
1494487508699,1698,bp09s7,200,OK,bp09 4-1,text,false,Test failed: text expected to contain /<title>Master of Science Communication and Education - Coursework</title>/,84464,0,1,5,0,0,0
1494487510719,3317,bp09s8,200,OK,bp09 4-1,text,true,,111644,0,1,5,0,0,0
1494487490361,20689,bp09,,"Number of samples in transaction : 10, number of failing samples : 2",bp09 4-1,,false,,1534362,0,1,5,0,3072,0
1494487513104,3732,bp07s1,200,OK,bp07 2-1,text,true,,111333,0,1,5,0,0,0
1494487517169,112,bp07s2,200,OK,bp07 2-1,text,true,,110250,0,1,5,0,0,0
1494487517729,1758,bp07s3,200,OK,bp07 2-1,text,true,,135172,0,1,5,0,0,0
1494487519791,1891,bp07s4,200,OK,bp07 2-1,text,true,,109533,0,1,5,0,0,0
1494487522029,1704,bp07s5,200,OK,bp07 2-1,text,true,,135172,0,1,5,0,0,0
1494487524089,2709,bp07s6,200,OK,bp07 2-1,text,true,,94407,0,1,5,0,0,0
1494487527147,1707,bp07s7,200,OK,bp07 2-1,text,true,,135172,0,1,5,0,0,0
1494487529145,1958,bp07s8,200,OK,bp07 2-1,text,true,,161199,0,1,5,0,0,0
1494487531441,1795,bp07s9,200,OK,bp07 2-1,text,true,,135171,0,1,5,0,0,0
1494487531169,3165,bp06s1,200,OK,bp06 1-1,text,true,,111319,0,1,5,0,0,0
1494487533558,1856,bp07s10,200,OK,bp07 2-1,text,true,,88838,0,1,5,0,0,0
1494487535735,1915,bp07s11,200,OK,bp07 2-1,text,true,,135172,0,1,5,0,0,0
1494487534657,3166,bp06s2,200,OK,bp06 1-1,text,true,,97118,0,1,5,0,0,0
1494487537983,2608,bp07s12,200,OK,bp07 2-1,text,true,,92028,0,1,5,0,0,0
1494487538160,4210,bp06s3,200,OK,bp06 1-1,text,true,,148550,0,1,5,0,0,0
1494487540896,1860,bp07s13,200,OK,bp07 2-1,text,true,,135172,0,1,5,0,0,0
1494487543081,1903,bp07s14,200,OK,bp07 2-1,text,true,,88116,0,1,5,0,0,0
1494487542681,3685,bp06s4,200,OK,bp06 1-1,text,true,,148695,0,1,5,0,0,0
1494487545304,4190,bp07s15,200,OK,bp07 2-1,text,true,,111331,0,1,5,0,0,0
1494487512803,31698,bp07,200,"Number of samples in transaction : 15, number of failing samples : 0",bp07 2-1,,true,,1778066,0,1,5,0,5114,0
1494487546694,3137,bp06s5,200,OK,bp06 1-1,text,true,,148707,0,1,5,0,0,0
1494487550167,2795,bp06s6,200,OK,bp06 1-1,text,true,,148705,0,1,5,0,0,0
1494487553292,2559,bp06s7,200,OK,bp06 1-1,text,true,,148697,0,1,5,0,0,0
1494487556182,2606,bp06s8,200,OK,bp06 1-1,text,true,,148696,0,1,5,0,0,0
1494487559135,2736,bp06s9,200,OK,bp06 1-1,text,true,,148692,0,1,5,0,0,0
1494487561721,2928,bp10s1,200,OK,bp10 5-1,text,true,,70813,0,1,5,0,0,0
1494487561420,2928,bp10,200,"Number of samples in transaction : 1, number of failing samples : 0",bp10 5-1,,true,,70813,0,1,5,0,320,0
1494487562199,2577,bp06s10,200,OK,bp06 1-1,text,true,,111288,0,1,5,0,0,0
1494487530868,30636,bp06,200,"Number of samples in transaction : 10, number of failing samples : 0",bp06 1-1,,true,,1360467,0,1,5,0,3329,0
1494487638035,4785,bp08s1,200,OK,bp08 3-1,text,true,,111447,0,1,5,0,0,0
1494487643148,86,bp08s2A,200,OK,bp08 3-1,text,true,,111447,0,1,5,0,0,0
1494487643574,3289,bp08s2,200,OK,bp08 3-1,text,true,,294219,0,1,5,0,0,0
1494487647213,20854,bp08s3,200,OK,bp08 3-1,text,true,,198159,0,1,5,0,0,0
1494487668387,3010,bp08s4,200,OK,bp08 3-1,text,true,,294218,0,1,5,0,0,0
1494487671745,7738,bp08s5,200,OK,bp08 3-1,text,true,,190188,0,1,5,0,0,0
1494487679807,2809,bp08s6,200,OK,bp08 3-1,text,true,,294218,0,1,5,0,0,0
1494487682961,12404,bp08s7,200,OK,bp08 3-1,text,true,,210272,0,1,5,0,0,0
1494487694648,3377,bp09s1,200,OK,bp09 4-1,text,true,,111444,0,1,5,0,0,0
1494487698357,97,bp09s2A,200,OK,bp09 4-1,text,true,,111441,0,1,5,0,0,0
1494487695693,3041,bp08s8,200,OK,bp08 3-1,text,true,,111843,0,1,5,0,0,0
1494487637722,58016,bp08,200,"Number of samples in transaction : 10, number of failing samples : 0",bp08 3-1,,true,,1816011,0,1,5,0,3073,0
1494487698774,2812,bp09s2,200,OK,bp09 4-1,text,true,,294229,0,1,5,0,0,0
1494487701949,13288,bp09s3,200,OK,bp09 4-1,text,true,,176588,0,1,5,0,0,0
1494487715562,2438,bp09s4,200,OK,bp09 4-1,text,true,,294230,0,1,5,0,0,0
1494487718341,3159,bp09s5,200,OK,bp09 4-1,text,true,,147320,0,1,5,0,0,0
1494487721833,2967,bp09s6,200,OK,bp09 4-1,text,true,,294229,0,1,5,0,0,0
1494487725136,4592,bp09s7,200,OK,bp09 4-1,text,true,,158539,0,1,5,0,0,0
1494487730055,3462,bp09s8,200,OK,bp09 4-1,text,true,,111566,0,1,5,0,0,0
1494487694347,36192,bp09,200,"Number of samples in transaction : 10, number of failing samples : 0",bp09 4-1,,true,,1699586,0,1,5,0,3037,0
1494487730116,3713,bp07s1,200,OK,bp07 2-1,text,true,,111333,0,1,5,0,0,0
1494487734153,111,bp07s2,200,OK,bp07 2-1,text,true,,110250,0,1,5,0,0,0
1494487734623,1800,bp07s3,200,OK,bp07 2-1,text,true,,135171,0,1,5,0,0,0
1494487736771,1905,bp07s4,200,OK,bp07 2-1,text,true,,109534,0,1,5,0,0,0
1494487738978,1920,bp07s5,200,OK,bp07 2-1,text,true,,135171,0,1,5,0,0,0
1494487741250,1782,bp07s6,200,OK,bp07 2-1,text,true,,94407,0,1,5,0,0,0
1494487743333,1783,bp07s7,200,OK,bp07 2-1,text,true,,135172,0,1,5,0,0,0
1494487745450,2161,bp07s8,200,OK,bp07 2-1,text,true,,161198,0,1,5,0,0,0
1494487745384,3653,bp06s1,200,OK,bp06 1-1,text,true,,111292,0,1,5,0,0,0
1494487747944,1919,bp07s9,200,OK,bp07 2-1,text,true,,135172,0,1,5,0,0,0
1494487745256,4782,bp10s1,200,OK,bp10 5-1,text,true,,70905,0,1,5,0,0,0
1494487744955,4782,bp10,200,"Number of samples in transaction : 1, number of failing samples : 0",bp10 5-1,,true,,70905,0,1,5,0,321,0
1494487750189,2032,bp07s10,200,OK,bp07 2-1,text,true,,88838,0,1,5,0,0,0
1494487749367,4792,bp06s2,200,OK,bp06 1-1,text,true,,97233,0,1,5,0,0,0
1494487752542,1949,bp07s11,200,OK,bp07 2-1,text,true,,135171,0,1,5,0,0,0
1494487754817,1977,bp07s12,200,OK,bp07 2-1,text,true,,92027,0,1,5,0,0,0
1494487754481,4385,bp06s3,200,OK,bp06 1-1,text,true,,130436,0,1,5,0,0,0
1494487757115,2119,bp07s13,200,OK,bp07 2-1,text,true,,135172,0,1,5,0,0,0
1494487759561,1871,bp07s14,200,OK,bp07 2-1,text,true,,88117,0,1,5,0,0,0
1494487759203,2656,bp06s4,200,OK,bp06 1-1,text,true,,130582,0,1,5,0,0,0
1494487762186,3104,bp06s5,200,OK,bp06 1-1,text,true,,130590,0,1,5,0,0,0
1494487761752,4426,bp07s15,200,OK,bp07 2-1,text,true,,111327,0,1,5,0,0,0
1494487729815,31468,bp07,200,"Number of samples in transaction : 15, number of failing samples : 0",bp07 2-1,,true,,1778060,0,1,5,0,4977,0
1494487765619,2937,bp06s6,200,OK,bp06 1-1,text,true,,130593,0,1,5,0,0,0
1494487768885,2709,bp06s7,200,OK,bp06 1-1,text,true,,130588,0,1,5,0,0,0
1494487771936,2659,bp06s8,200,OK,bp06 1-1,text,true,,130576,0,1,5,0,0,0
1494487774930,2722,bp06s9,200,OK,bp06 1-1,text,true,,130573,0,1,5,0,0,0
1494487777988,3824,bp06s10,200,OK,bp06 1-1,text,true,,111489,0,1,5,0,0,0
1494487745083,33441,bp06,200,"Number of samples in transaction : 10, number of failing samples : 0",bp06 1-1,,true,,1233952,0,1,5,0,3324,0
1494487879340,3979,bp08s1,200,OK,bp08 3-1,text,true,,111432,0,1,5,0,0,0
1494487883658,85,bp08s2A,200,OK,bp08 3-1,text,true,,111432,0,1,5,0,0,0
1494487884073,3692,bp08s2,200,OK,bp08 3-1,text,true,,294220,0,1,5,0,0,0
1494487888119,1700,bp08s3,200,OK,bp08 3-1,text,true,,95810,0,1,5,0,0,0
1494487890160,2987,bp08s4,200,OK,bp08 3-1,text,true,,294220,0,1,5,0,0,0
1494487893504,20214,bp08s5,200,OK,bp08 3-1,text,true,,213138,0,1,5,0,0,0
1494487914007,2875,bp08s6,200,OK,bp08 3-1,text,true,,294217,0,1,5,0,0,0
1494487914140,3600,bp09s1,200,OK,bp09 4-1,text,true,,111432,0,1,5,0,0,0
1494487918066,111,bp09s2A,200,OK,bp09 4-1,text,true,,111429,0,1,5,0,0,0
1494487918499,2778,bp09s2,200,OK,bp09 4-1,text,true,,294215,0,1,5,0,0,0
1494487917242,9414,bp08s7,200,OK,bp08 3-1,text,true,,198186,0,1,5,0,0,0
1494487926989,4220,bp08s8,200,OK,bp08 3-1,text,true,,111752,0,1,5,0,0,0
1494487879039,49166,bp08,200,"Number of samples in transaction : 10, number of failing samples : 0",bp08 3-1,,true,,1724407,0,1,5,0,3105,0
1494487921619,10256,bp09s3,200,OK,bp09 4-1,text,true,,153324,0,1,5,0,0,0
1494487930661,3703,bp10s1,200,OK,bp10 5-1,text,true,,70903,0,1,5,0,0,0
1494487930359,3703,bp10,200,"Number of samples in transaction : 1, number of failing samples : 0",bp10 5-1,,true,,70903,0,1,5,0,320,0
1494487932204,2871,bp09s4,200,OK,bp09 4-1,text,true,,294218,0,1,5,0,0,0
1494487935426,6204,bp09s5,200,OK,bp09 4-1,text,true,,168209,0,1,5,0,0,0
1494487941962,2848,bp09s6,200,OK,bp09 4-1,text,true,,294217,0,1,5,0,0,0
1494487945168,5321,bp09s7,200,OK,bp09 4-1,text,false,Test failed: text expected to contain /<title>Master of Teaching - Coursework (Early Childhood)</title>/,132198,0,1,5,0,0,0
1494487946818,7393,bp07s1,200,OK,bp07 2-1,text,true,,111320,0,1,5,0,0,0
1494487954521,114,bp07s2,200,OK,bp07 2-1,text,true,,110237,0,1,5,0,0,0
1494487950799,7102,bp09s8,200,OK,bp09 4-1,text,true,,111693,0,1,5,0,0,0
1494487913855,41091,bp09,,"Number of samples in transaction : 10, number of failing samples : 1",bp09 4-1,,false,,1670935,0,1,5,0,3017,0
1494487955048,3117,bp07s3,200,OK,bp07 2-1,text,true,,135159,0,1,5,0,0,0
1494487958497,2214,bp07s4,200,OK,bp07 2-1,text,true,,109522,0,1,5,0,0,0
1494487961051,1807,bp07s5,200,OK,bp07 2-1,text,true,,135160,0,1,5,0,0,0
1494487963186,1677,bp07s6,200,OK,bp07 2-1,text,true,,94394,0,1,5,0,0,0
1494487962449,4910,bp06s1,200,OK,bp06 1-1,text,true,,111482,0,1,5,0,0,0
1494487965163,3490,bp07s7,200,OK,bp07 2-1,text,true,,135159,0,1,5,0,0,0
1494487968978,2865,bp07s8,200,OK,bp07 2-1,text,true,,161185,0,1,5,0,0,0
1494487967669,4474,bp06s2,200,OK,bp06 1-1,text,true,,97285,0,1,5,0,0,0
1494487972175,2795,bp07s9,200,OK,bp07 2-1,text,true,,135159,0,1,5,0,0,0
1494487975306,2448,bp07s10,200,OK,bp07 2-1,text,true,,88824,0,1,5,0,0,0
1494487972485,6151,bp06s3,200,OK,bp06 1-1,text,true,,137411,0,1,5,0,0,0
1494487978075,2279,bp07s11,200,OK,bp07 2-1,text,true,,135159,0,1,5,0,0,0
1494487980682,1747,bp07s12,200,OK,bp07 2-1,text,true,,92016,0,1,5,0,0,0
1494487978964,4425,bp06s4,200,OK,bp06 1-1,text,true,,137561,0,1,5,0,0,0
1494487982753,1853,bp07s13,200,OK,bp07 2-1,text,true,,135160,0,1,5,0,0,0
1494487984931,1917,bp07s14,200,OK,bp07 2-1,text,true,,88102,0,1,5,0,0,0
1494487983719,4075,bp06s5,200,OK,bp06 1-1,text,true,,137573,0,1,5,0,0,0
1494487988121,4159,bp06s6,200,OK,bp06 1-1,text,true,,137569,0,1,5,0,0,0
1494487987168,5458,bp07s15,200,OK,bp07 2-1,text,true,,111321,0,1,5,0,0,0
1494487946517,41174,bp07,200,"Number of samples in transaction : 15, number of failing samples : 0",bp07 2-1,,true,,1777877,0,1,5,0,4994,0
1494487992611,3900,bp06s7,200,OK,bp06 1-1,text,true,,137564,0,1,5,0,0,0
1494487996835,4126,bp06s8,200,OK,bp06 1-1,text,true,,137557,0,1,5,0,0,0
1494488001297,3615,bp06s9,200,OK,bp06 1-1,text,true,,137556,0,1,5,0,0,0
1494488005267,4221,bp06s10,200,OK,bp06 1-1,text,true,,111509,0,1,5,0,0,0
1494487962148,44056,bp06,200,"Number of samples in transaction : 10, number of failing samples : 0",bp06 1-1,,true,,1283067,0,1,5,0,3317,0
1494488111812,3691,bp08s1,200,OK,bp08 3-1,text,true,,111428,0,1,5,0,0,0
1494488115858,125,bp08s2A,200,OK,bp08 3-1,text,true,,111428,0,1,5,0,0,0
1494488114983,1700,bp10s1,200,OK,bp10 5-1,text,true,,70813,0,1,5,0,0,0
1494488114682,1700,bp10,200,"Number of samples in transaction : 1, number of failing samples : 0",bp10 5-1,,true,,70813,0,1,5,0,318,0
1494488116305,2864,bp08s2,200,OK,bp08 3-1,text,true,,294219,0,1,5,0,0,0
1494488119536,17198,bp08s3,200,OK,bp08 3-1,text,true,,194993,0,1,5,0,0,0
1494488137052,2723,bp08s4,200,OK,bp08 3-1,text,true,,294217,0,1,5,0,0,0
1494488140117,1767,bp08s5,200,OK,bp08 3-1,text,true,,98141,0,1,5,0,0,0
1494488138552,3694,bp09s1,200,OK,bp09 4-1,text,true,,111432,0,1,5,0,0,0
1494488142572,96,bp09s2A,200,OK,bp09 4-1,text,true,,111429,0,1,5,0,0,0
1494488142207,2953,bp08s6,200,OK,bp08 3-1,text,true,,294219,0,1,5,0,0,0
1494488142989,3031,bp09s2,200,OK,bp09 4-1,text,true,,294219,0,1,5,0,0,0
1494488146363,5508,bp09s3,200,OK,bp09 4-1,text,false,Test failed: text expected to contain /<title>Master of Teaching - Coursework (Primary)</title>/,131064,0,1,5,0,0,0
1494488152198,3253,bp09s4,200,OK,bp09 4-1,text,true,,294219,0,1,5,0,0,0
1494488155793,1861,bp09s5,200,OK,bp09 4-1,text,false,Test failed: text expected to contain /<title>Master of Teaching - Coursework (Secondary)</title>/,84450,0,1,5,0,0,0
1494488157973,3094,bp09s6,200,OK,bp09 4-1,text,true,,294220,0,1,5,0,0,0
1494488161416,8608,bp09s7,200,OK,bp09 4-1,text,true,,175818,0,1,5,0,0,0
1494488145503,27456,bp08s7,200,OK,bp08 3-1,text,true,,198035,0,1,5,0,0,0
1494488170354,5085,bp09s8,200,OK,bp09 4-1,text,true,,111602,0,1,5,0,0,0
1494488138250,34230,bp09,,"Number of samples in transaction : 10, number of failing samples : 2",bp09 4-1,,false,,1608453,0,1,5,0,2980,0
1494488173298,6607,bp08s8,200,OK,bp08 3-1,text,true,,111717,0,1,5,0,0,0
1494488111526,65384,bp08,200,"Number of samples in transaction : 10, number of failing samples : 0",bp08 3-1,,true,,1708397,0,1,5,0,3043,0
1494488173249,8062,bp07s1,200,OK,bp07 2-1,text,true,,111321,0,1,5,0,0,0
1494488181665,118,bp07s2,200,OK,bp07 2-1,text,true,,110238,0,1,5,0,0,0
1494488182139,2655,bp07s3,200,OK,bp07 2-1,text,true,,135157,0,1,5,0,0,0
1494488185103,2234,bp07s4,200,OK,bp07 2-1,text,true,,109521,0,1,5,0,0,0
1494488187679,2021,bp07s5,200,OK,bp07 2-1,text,true,,135160,0,1,5,0,0,0
1494488190010,2263,bp07s6,200,OK,bp07 2-1,text,true,,94395,0,1,5,0,0,0
1494488192597,1994,bp07s7,200,OK,bp07 2-1,text,true,,135160,0,1,5,0,0,0
1494488190119,4992,bp06s1,200,OK,bp06 1-1,text,true,,111510,0,1,5,0,0,0
1494488194919,2484,bp07s8,200,OK,bp07 2-1,text,true,,161185,0,1,5,0,0,0
1494488197733,1920,bp07s9,200,OK,bp07 2-1,text,true,,135160,0,1,5,0,0,0
1494488199977,1935,bp07s10,200,OK,bp07 2-1,text,true,,88826,0,1,5,0,0,0
1494488195438,7957,bp06s2,200,OK,bp06 1-1,text,true,,97169,0,1,5,0,0,0
1494488202263,2065,bp07s11,200,OK,bp07 2-1,text,true,,135160,0,1,5,0,0,0
1494488204654,1724,bp07s12,200,OK,bp07 2-1,text,true,,92015,0,1,5,0,0,0
1494488203718,4456,bp06s3,200,OK,bp06 1-1,text,true,,140722,0,1,5,0,0,0
1494488206699,2277,bp07s13,200,OK,bp07 2-1,text,true,,135158,0,1,5,0,0,0
1494488209300,1800,bp07s14,200,OK,bp07 2-1,text,true,,88104,0,1,5,0,0,0
1494488208505,4665,bp06s4,200,OK,bp06 1-1,text,true,,140865,0,1,5,0,0,0
1494488211428,4837,bp07s15,200,OK,bp07 2-1,text,true,,111317,0,1,5,0,0,0
1494488172948,38389,bp07,200,"Number of samples in transaction : 15, number of failing samples : 0",bp07 2-1,,true,,1777877,0,1,5,0,5018,0
1494488213497,3938,bp06s5,200,OK,bp06 1-1,text,true,,140874,0,1,5,0,0,0
1494488217762,4222,bp06s6,200,OK,bp06 1-1,text,true,,140875,0,1,5,0,0,0
1494488222316,4535,bp06s7,200,OK,bp06 1-1,text,true,,140869,0,1,5,0,0,0
1494488227180,3738,bp06s8,200,OK,bp06 1-1,text,true,,140860,0,1,5,0,0,0
1494488231276,3541,bp06s9,200,OK,bp06 1-1,text,true,,140861,0,1,5,0,0,0
1494488235138,3176,bp06s10,200,OK,bp06 1-1,text,true,,111419,0,1,5,0,0,0
1494488189823,45220,bp06,200,"Number of samples in transaction : 10, number of failing samples : 0",bp06 1-1,,true,,1306024,0,1,5,0,3302,0
1494488297293,1751,bp10s1,200,OK,bp10 5-1,text,true,,70812,0,1,5,0,0,0
1494488296992,1751,bp10,200,"Number of samples in transaction : 1, number of failing samples : 0",bp10 5-1,,true,,70812,0,1,5,0,318,0
1494488356078,3308,bp09s1,200,OK,bp09 4-1,text,true,,111432,0,1,5,0,0,0
1494488359730,131,bp09s2A,200,OK,bp09 4-1,text,true,,111429,0,1,5,0,0,0
1494488360200,3133,bp09s2,200,OK,bp09 4-1,text,true,,294219,0,1,5,0,0,0
1494488360564,3832,bp08s1,200,OK,bp08 3-1,text,true,,111430,0,1,5,0,0,0
1494488364725,88,bp08s2A,200,OK,bp08 3-1,text,true,,111430,0,1,5,0,0,0
1494488363683,3366,bp09s3,200,OK,bp09 4-1,text,true,,139952,0,1,5,0,0,0
1494488365133,3191,bp08s2,200,OK,bp08 3-1,text,true,,294217,0,1,5,0,0,0
1494488367382,3231,bp09s4,200,OK,bp09 4-1,text,true,,294220,0,1,5,0,0,0
1494488370955,3527,bp09s5,200,OK,bp09 4-1,text,true,,164312,0,1,5,0,0,0
1494488374817,2839,bp09s6,200,OK,bp09 4-1,text,true,,294220,0,1,5,0,0,0
1494488368667,12066,bp08s3,200,OK,bp08 3-1,text,true,,200622,0,1,5,0,0,0
1494488381065,2784,bp08s4,200,OK,bp08 3-1,text,true,,294218,0,1,5,0,0,0
1494488377998,7536,bp09s7,200,OK,bp09 4-1,text,true,,156116,0,1,5,0,0,0
1494488385864,3536,bp09s8,200,OK,bp09 4-1,text,true,,111630,0,1,5,0,0,0
1494488355765,30607,bp09,200,"Number of samples in transaction : 10, number of failing samples : 0",bp09 4-1,,true,,1677530,0,1,5,0,3028,0
1494488396907,4506,bp07s1,200,OK,bp07 2-1,text,true,,111320,0,1,5,0,0,0
1494488401736,113,bp07s2,200,OK,bp07 2-1,text,true,,110237,0,1,5,0,0,0
1494488402190,2089,bp07s3,200,OK,bp07 2-1,text,true,,135160,0,1,5,0,0,0
1494488384197,20441,bp08s5,200,OK,bp08 3-1,text,true,,200200,0,1,5,0,0,0
1494488404612,1813,bp07s4,200,OK,bp07 2-1,text,true,,109521,0,1,5,0,0,0
1494488404975,2850,bp08s6,200,OK,bp08 3-1,text,true,,294220,0,1,5,0,0,0
1494488406749,1811,bp07s5,200,OK,bp07 2-1,text,true,,135160,0,1,5,0,0,0
1494488408886,1979,bp07s6,200,OK,bp07 2-1,text,true,,94395,0,1,5,0,0,0
1494488411186,1805,bp07s7,200,OK,bp07 2-1,text,true,,135160,0,1,5,0,0,0
1494488413318,2162,bp07s8,200,OK,bp07 2-1,text,true,,161187,0,1,5,0,0,0
1494488415821,1732,bp07s9,200,OK,bp07 2-1,text,true,,135160,0,1,5,0,0,0
1494488417877,1701,bp07s10,200,OK,bp07 2-1,text,true,,88825,0,1,5,0,0,0
1494488419901,1714,bp07s11,200,OK,bp07 2-1,text,true,,135158,0,1,5,0,0,0
1494488418947,3607,bp06s1,200,OK,bp06 1-1,text,true,,111419,0,1,5,0,0,0
1494488408172,15085,bp08s7,200,OK,bp08 3-1,text,true,,216120,0,1,5,0,0,0
1494488421946,1738,bp07s12,200,OK,bp07 2-1,text,true,,92016,0,1,5,0,0,0
1494488424004,2109,bp07s13,200,OK,bp07 2-1,text,true,,135159,0,1,5,0,0,0
1494488422900,3324,bp06s2,200,OK,bp06 1-1,text,true,,97190,0,1,5,0,0,0
1494488423593,3275,bp08s8,200,OK,bp08 3-1,text,true,,111861,0,1,5,0,0,0
1494488360263,63612,bp08,200,"Number of samples in transaction : 10, number of failing samples : 0",bp08 3-1,,true,,1834318,0,1,5,0,3011,0
1494488426441,1703,bp07s14,200,OK,bp07 2-1,text,true,,88103,0,1,5,0,0,0
1494488426550,4308,bp06s3,200,OK,bp06 1-1,text,true,,132636,0,1,5,0,0,0
1494488428463,3261,bp07s15,200,OK,bp07 2-1,text,true,,111318,0,1,5,0,0,0
1494488396606,30236,bp07,200,"Number of samples in transaction : 15, number of failing samples : 0",bp07 2-1,,true,,1777879,0,1,5,0,4903,0
1494488431188,3505,bp06s4,200,OK,bp06 1-1,text,true,,132785,0,1,5,0,0,0
1494488435023,2865,bp06s5,200,OK,bp06 1-1,text,true,,132794,0,1,5,0,0,0
1494488438219,2888,bp06s6,200,OK,bp06 1-1,text,true,,132797,0,1,5,0,0,0
1494488441434,2669,bp06s7,200,OK,bp06 1-1,text,true,,132787,0,1,5,0,0,0
1494488444431,3236,bp06s8,200,OK,bp06 1-1,text,true,,132784,0,1,5,0,0,0
1494488448003,2918,bp06s9,200,OK,bp06 1-1,text,true,,132774,0,1,5,0,0,0
1494488451264,3355,bp06s10,200,OK,bp06 1-1,text,true,,111479,0,1,5,0,0,0
1494488418646,32675,bp06,200,"Number of samples in transaction : 10, number of failing samples : 0",bp06 1-1,,true,,1249445,0,1,5,0,3355,0
1494488479686,3246,bp10s1,200,OK,bp10 5-1,text,true,,70812,0,1,5,0,0,0
1494488479385,3246,bp10,200,"Number of samples in transaction : 1, number of failing samples : 0",bp10 5-1,,true,,70812,0,1,5,0,319,0
1494488570057,3187,bp09s1,200,OK,bp09 4-1,text,true,,111429,0,1,5,0,0,0
1494488573570,99,bp09s2A,200,OK,bp09 4-1,text,true,,111426,0,1,5,0,0,0
1494488573997,2700,bp09s2,200,OK,bp09 4-1,text,true,,294218,0,1,5,0,0,0
1494488577053,3580,bp09s3,200,OK,bp09 4-1,text,true,,165793,0,1,5,0,0,0
1494488580972,2582,bp09s4,200,OK,bp09 4-1,text,true,,294216,0,1,5,0,0,0
1494488583888,5609,bp09s5,200,OK,bp09 4-1,text,true,,192656,0,1,5,0,0,0
1494488589839,2604,bp09s6,200,OK,bp09 4-1,text,true,,294218,0,1,5,0,0,0
1494488592784,2029,bp09s7,200,OK,bp09 4-1,text,false,Test failed: text expected to contain /<title>Master of Environmental Science Environmental Management</title>/,84450,0,1,5,0,0,0
1494488595122,3105,bp09s8,200,OK,bp09 4-1,text,true,,111540,0,1,5,0,0,0
1494488569744,25495,bp09,,"Number of samples in transaction : 10, number of failing samples : 1",bp09 4-1,,false,,1659946,0,1,5,0,3020,0
1494488607525,2894,bp08s1,200,OK,bp08 3-1,text,true,,111430,0,1,5,0,0,0
1494488610762,83,bp08s2A,200,OK,bp08 3-1,text,true,,111430,0,1,5,0,0,0
1494488611199,2462,bp08s2,200,OK,bp08 3-1,text,true,,294220,0,1,5,0,0,0
1494488612364,3053,bp07s1,200,OK,bp07 2-1,text,true,,111321,0,1,5,0,0,0
1494488615730,112,bp07s2,200,OK,bp07 2-1,text,true,,110238,0,1,5,0,0,0
1494488616183,1942,bp07s3,200,OK,bp07 2-1,text,true,,135158,0,1,5,0,0,0
1494488618458,1850,bp07s4,200,OK,bp07 2-1,text,true,,109522,0,1,5,0,0,0
1494488620629,1768,bp07s5,200,OK,bp07 2-1,text,true,,135159,0,1,5,0,0,0
1494488622736,2019,bp07s6,200,OK,bp07 2-1,text,true,,94395,0,1,5,0,0,0
1494488625076,1898,bp07s7,200,OK,bp07 2-1,text,true,,135158,0,1,5,0,0,0
1494488627298,2233,bp07s8,200,OK,bp07 2-1,text,true,,161187,0,1,5,0,0,0
1494488629860,2020,bp07s9,200,OK,bp07 2-1,text,true,,135159,0,1,5,0,0,0
1494488613987,18281,bp08s3,200,OK,bp08 3-1,text,true,,195279,0,1,5,0,0,0
1494488632205,1966,bp07s10,200,OK,bp07 2-1,text,true,,88826,0,1,5,0,0,0
1494488632609,2984,bp08s4,200,OK,bp08 3-1,text,true,,294220,0,1,5,0,0,0
1494488634490,1875,bp07s11,200,OK,bp07 2-1,text,true,,135160,0,1,5,0,0,0
1494488636690,1748,bp07s12,200,OK,bp07 2-1,text,true,,92017,0,1,5,0,0,0
1494488635254,3549,bp06s1,200,OK,bp06 1-1,text,true,,111483,0,1,5,0,0,0
1494488638763,1819,bp07s13,200,OK,bp07 2-1,text,true,,135158,0,1,5,0,0,0
1494488639127,3600,bp06s2,200,OK,bp06 1-1,text,true,,97122,0,1,5,0,0,0
1494488640905,2402,bp07s14,200,OK,bp07 2-1,text,true,,88103,0,1,5,0,0,0
1494488643049,5610,bp06s3,200,OK,bp06 1-1,text,true,,141847,0,1,5,0,0,0
1494488643626,6120,bp07s15,200,OK,bp07 2-1,text,true,,111321,0,1,5,0,0,0
1494488612063,32825,bp07,200,"Number of samples in transaction : 15, number of failing samples : 0",bp07 2-1,,true,,1777882,0,1,5,0,4896,0
1494488649006,6740,bp06s4,200,OK,bp06 1-1,text,true,,141992,0,1,5,0,0,0
1494488635943,25823,bp08s5,200,OK,bp08 3-1,text,true,,198667,0,1,5,0,0,0
1494488656072,6576,bp06s5,200,OK,bp06 1-1,text,true,,142002,0,1,5,0,0,0
1494488662102,4240,bp08s6,200,OK,bp08 3-1,text,true,,294220,0,1,5,0,0,0
1494488663548,3012,bp10s1,200,OK,bp10 5-1,text,true,,70812,0,1,5,0,0,0
1494488663247,3012,bp10,200,"Number of samples in transaction : 1, number of failing samples : 0",bp10 5-1,,true,,70812,0,1,5,0,319,0
1494488662974,9192,bp06s6,200,OK,bp06 1-1,text,true,,141995,0,1,5,0,0,0
1494488666686,11760,bp08s7,200,OK,bp08 3-1,text,true,,190111,0,1,5,0,0,0
1494488672492,7895,bp06s7,200,OK,bp06 1-1,text,true,,141995,0,1,5,0,0,0
1494488678778,6961,bp08s8,200,OK,bp08 3-1,text,true,,111674,0,1,5,0,0,0
1494488607197,75488,bp08,200,"Number of samples in transaction : 10, number of failing samples : 0",bp08 3-1,,true,,1801251,0,1,5,0,3085,0
1494488680712,7610,bp06s8,200,OK,bp06 1-1,text,true,,141983,0,1,5,0,0,0
1494488688656,7164,bp06s9,200,OK,bp06 1-1,text,true,,141986,0,1,5,0,0,0
1494488696138,4992,bp06s10,200,OK,bp06 1-1,text,true,,111474,0,1,5,0,0,0
1494488634953,62928,bp06,200,"Number of samples in transaction : 10, number of failing samples : 0",bp06 1-1,,true,,1313879,0,1,5,0,3287,0
1494488778864,3438,bp09s1,200,OK,bp09 4-1,text,true,,111430,0,1,5,0,0,0
1494488782641,92,bp09s2A,200,OK,bp09 4-1,text,true,,111427,0,1,5,0,0,0
1494488783093,2708,bp09s2,200,OK,bp09 4-1,text,true,,294216,0,1,5,0,0,0
1494488786145,1818,bp09s3,200,OK,bp09 4-1,text,false,Test failed: text expected to contain /<title>Master of Environmental Science Geographic Information Science and Environmental Management </title>/,84452,0,1,5,0,0,0
1494488788319,2829,bp09s4,200,OK,bp09 4-1,text,true,,294220,0,1,5,0,0,0
1494488791509,1810,bp09s5,200,OK,bp09 4-1,text,false,Test failed: text expected to contain /<title>Master of Environmental Science Land and Water Management</title>/,84451,0,1,5,0,0,0
1494488793642,2556,bp09s6,200,OK,bp09 4-1,text,true,,294219,0,1,5,0,0,0
1494488796525,1679,bp09s7,200,OK,bp09 4-1,text,false,Test failed: text expected to contain /<title>Master of Environmental Science Marine and Coastal Management</title>/,84452,0,1,5,0,0,0
1494488798544,2849,bp09s8,200,OK,bp09 4-1,text,true,,111431,0,1,5,0,0,0
1494488778559,19779,bp09,,"Number of samples in transaction : 10, number of failing samples : 3",bp09 4-1,,false,,1470298,0,1,5,0,3140,0
1494488830370,4720,bp07s1,200,OK,bp07 2-1,text,true,,111319,0,1,5,0,0,0
1494488835455,114,bp07s2,200,OK,bp07 2-1,text,true,,110236,0,1,5,0,0,0
1494488835987,2157,bp07s3,200,OK,bp07 2-1,text,true,,135160,0,1,5,0,0,0
1494488838488,2214,bp07s4,200,OK,bp07 2-1,text,true,,109522,0,1,5,0,0,0
1494488841026,2168,bp07s5,200,OK,bp07 2-1,text,true,,135160,0,1,5,0,0,0
1494488843564,2516,bp07s6,200,OK,bp07 2-1,text,true,,94394,0,1,5,0,0,0
1494488846334,2044,bp07s7,200,OK,bp07 2-1,text,true,,135160,0,1,5,0,0,0
1494488847178,1920,bp10s1,200,OK,bp10 5-1,text,true,,70811,0,1,5,0,0,0
1494488846877,1920,bp10,200,"Number of samples in transaction : 1, number of failing samples : 0",bp10 5-1,,true,,70811,0,1,5,0,319,0
1494488848704,2392,bp07s8,200,OK,bp07 2-1,text,true,,161187,0,1,5,0,0,0
1494488851448,2166,bp07s9,200,OK,bp07 2-1,text,true,,135159,0,1,5,0,0,0
1494488853905,2401,bp07s10,200,OK,bp07 2-1,text,true,,88826,0,1,5,0,0,0
1494488856649,2341,bp07s11,200,OK,bp07 2-1,text,true,,135160,0,1,5,0,0,0
1494488859313,2160,bp07s12,200,OK,bp07 2-1,text,true,,92017,0,1,5,0,0,0
1494488861810,2598,bp07s13,200,OK,bp07 2-1,text,true,,135159,0,1,5,0,0,0
1494488864720,2091,bp07s14,200,OK,bp07 2-1,text,true,,88105,0,1,5,0,0,0
1494488867130,5522,bp07s15,200,OK,bp07 2-1,text,true,,111316,0,1,5,0,0,0
1494488830057,37604,bp07,200,"Number of samples in transaction : 15, number of failing samples : 0",bp07 2-1,,true,,1777880,0,1,5,0,5148,0
1494488866359,7417,bp08s1,200,OK,bp08 3-1,text,true,,111427,0,1,5,0,0,0
1494488874121,91,bp08s2A,200,OK,bp08 3-1,text,true,,111427,0,1,5,0,0,0
1494488874533,2966,bp08s2,200,OK,bp08 3-1,text,true,,294217,0,1,5,0,0,0
1494488881763,5919,bp06s1,200,OK,bp06 1-1,text,true,,111476,0,1,5,0,0,0
1494488888005,3573,bp06s2,200,OK,bp06 1-1,text,true,,97453,0,1,5,0,0,0
1494488877853,18411,bp08s3,200,OK,bp08 3-1,text,true,,204591,0,1,5,0,0,0
1494488891905,4919,bp06s3,200,OK,bp06 1-1,text,true,,138014,0,1,5,0,0,0
1494488896571,3047,bp08s4,200,OK,bp08 3-1,text,true,,294220,0,1,5,0,0,0
1494488897150,4421,bp06s4,200,OK,bp06 1-1,text,true,,138156,0,1,5,0,0,0
1494488901897,4388,bp06s5,200,OK,bp06 1-1,text,true,,138166,0,1,5,0,0,0
1494488906609,4491,bp06s6,200,OK,bp06 1-1,text,true,,138169,0,1,5,0,0,0
1494488911431,3620,bp06s7,200,OK,bp06 1-1,text,true,,138159,0,1,5,0,0,0
1494488899968,16812,bp08s5,200,OK,bp08 3-1,text,true,,217388,0,1,5,0,0,0
1494488915386,3654,bp06s8,200,OK,bp06 1-1,text,true,,138155,0,1,5,0,0,0
1494488917114,2792,bp08s6,200,OK,bp08 3-1,text,true,,294219,0,1,5,0,0,0
1494488919366,4096,bp06s9,200,OK,bp06 1-1,text,true,,138152,0,1,5,0,0,0
1494488923787,2807,bp06s10,200,OK,bp06 1-1,text,true,,111544,0,1,5,0,0,0
1494488881462,41888,bp06,200,"Number of samples in transaction : 10, number of failing samples : 0",bp06 1-1,,true,,1287444,0,1,5,0,3264,0
1494488920276,11621,bp08s7,200,OK,bp08 3-1,text,true,,203570,0,1,5,0,0,0
1494488932258,3024,bp08s8,200,OK,bp08 3-1,text,true,,111750,0,1,5,0,0,0
1494488866058,66181,bp08,200,"Number of samples in transaction : 10, number of failing samples : 0",bp08 3-1,,true,,1842809,0,1,5,0,3092,0
1494488982041,3864,bp09s1,200,OK,bp09 4-1,text,true,,111431,0,1,5,0,0,0
1494488986266,94,bp09s2A,200,OK,bp09 4-1,text,true,,111428,0,1,5,0,0,0
1494488986683,2676,bp09s2,200,OK,bp09 4-1,text,true,,294216,0,1,5,0,0,0
1494488989719,5500,bp09s3,200,OK,bp09 4-1,text,true,,172398,0,1,5,0,0,0
1494488995549,3088,bp09s4,200,OK,bp09 4-1,text,true,,294219,0,1,5,0,0,0
1494488998977,4483,bp09s5,200,OK,bp09 4-1,text,true,,151154,0,1,5,0,0,0
1494489003790,2936,bp09s6,200,OK,bp09 4-1,text,true,,294217,0,1,5,0,0,0
1494489007107,9237,bp09s7,200,OK,bp09 4-1,text,true,,176715,0,1,5,0,0,0
1494489016697,3542,bp09s8,200,OK,bp09 4-1,text,true,,111620,0,1,5,0,0,0
1494488981728,35420,bp09,200,"Number of samples in transaction : 10, number of failing samples : 0",bp09 4-1,,true,,1717398,0,1,5,0,3121,0
1494489029718,1830,bp10s1,200,OK,bp10 5-1,text,true,,70810,0,1,5,0,0,0
1494489029417,1830,bp10,200,"Number of samples in transaction : 1, number of failing samples : 0",bp10 5-1,,true,,70810,0,1,5,0,319,0
1494489053280,5414,bp07s1,200,OK,bp07 2-1,text,true,,111320,0,1,5,0,0,0
1494489059039,132,bp07s2,200,OK,bp07 2-1,text,true,,110237,0,1,5,0,0,0
1494489059524,1852,bp07s3,200,OK,bp07 2-1,text,true,,135160,0,1,5,0,0,0
1494489061709,1972,bp07s4,200,OK,bp07 2-1,text,true,,109522,0,1,5,0,0,0
1494489063987,1806,bp07s5,200,OK,bp07 2-1,text,true,,135158,0,1,5,0,0,0
1494489066176,1812,bp07s6,200,OK,bp07 2-1,text,true,,94395,0,1,5,0,0,0
1494489068330,1799,bp07s7,200,OK,bp07 2-1,text,true,,135160,0,1,5,0,0,0
1494489070486,2290,bp07s8,200,OK,bp07 2-1,text,true,,161185,0,1,5,0,0,0
1494489073153,1846,bp07s9,200,OK,bp07 2-1,text,true,,135160,0,1,5,0,0,0
1494489075303,1740,bp07s10,200,OK,bp07 2-1,text,true,,88825,0,1,5,0,0,0
1494489077393,1869,bp07s11,200,OK,bp07 2-1,text,true,,135160,0,1,5,0,0,0
1494489079587,1842,bp07s12,200,OK,bp07 2-1,text,true,,92016,0,1,5,0,0,0
1494489081759,1813,bp07s13,200,OK,bp07 2-1,text,true,,135160,0,1,5,0,0,0
1494489083882,1706,bp07s14,200,OK,bp07 2-1,text,true,,88105,0,1,5,0,0,0
1494489085940,4745,bp07s15,200,OK,bp07 2-1,text,true,,111318,0,1,5,0,0,0
1494489052982,32638,bp07,200,"Number of samples in transaction : 15, number of failing samples : 0",bp07 2-1,,true,,1777881,0,1,5,0,5249,0
1494489107199,3150,bp06s1,200,OK,bp06 1-1,text,true,,111543,0,1,5,0,0,0
1494489115903,3221,bp08s1,200,OK,bp08 3-1,text,true,,111432,0,1,5,0,0,0
1494489119447,89,bp08s2A,200,OK,bp08 3-1,text,true,,111432,0,1,5,0,0,0
1494489110694,10645,bp06s2,200,OK,bp06 1-1,text,true,,97275,0,1,5,0,0,0
1494489119856,2498,bp08s2,200,OK,bp08 3-1,text,true,,294219,0,1,5,0,0,0
1494489121663,1656,bp06s3,200,OK,bp06 1-1,text,false,Test failed: text expected to contain /<title>Graduate Certificate in Child Protection Practice</title>/,84452,0,1,5,0,0,0
1494489123642,1537,bp06s4,200,OK,bp06 1-1,text,false,Test failed: text expected to contain /<title>Graduate Certificate in Child Protection Practice</title>/,84452,0,1,5,0,0,0
1494489125499,1634,bp06s5,200,OK,bp06 1-1,text,false,Test failed: text expected to contain /<title>Graduate Certificate in Child Protection Practice</title>/,84452,0,1,5,0,0,0
1494489127465,1707,bp06s6,200,OK,bp06 1-1,text,false,Test failed: text expected to contain /<title>Graduate Certificate in Child Protection Practice</title>/,84452,0,1,5,0,0,0
1494489129491,1713,bp06s7,200,OK,bp06 1-1,text,false,Test failed: text expected to contain /<title>Graduate Certificate in Child Protection Practice</title>/,84451,0,1,5,0,0,0
1494489131530,1842,bp06s8,200,OK,bp06 1-1,text,false,Test failed: text expected to contain /<title>Graduate Certificate in Child Protection Practice</title>/,84452,0,1,5,0,0,0
1494489133692,1752,bp06s9,200,OK,bp06 1-1,text,false,Test failed: text expected to contain /<title>Graduate Certificate in Child Protection Practice</title>/,84452,0,1,5,0,0,0
1494489135763,4583,bp06s10,200,OK,bp06 1-1,text,true,,111543,0,1,5,0,0,0
1494489106898,30219,bp06,,"Number of samples in transaction : 10, number of failing samples : 7",bp06 1-1,,false,,911524,0,1,5,0,3239,0
1494489122699,47535,bp08s3,200,OK,bp08 3-1,text,true,,236875,0,1,5,0,0,0
1494489170575,2718,bp08s4,200,OK,bp08 3-1,text,true,,294220,0,1,5,0,0,0
1494489173642,16834,bp08s5,200,OK,bp08 3-1,text,true,,203407,0,1,5,0,0,0
1494489190792,2659,bp08s6,200,OK,bp08 3-1,text,true,,294219,0,1,5,0,0,0
1494489200865,2981,bp09s1,200,OK,bp09 4-1,text,true,,111425,0,1,5,0,0,0
1494489204173,93,bp09s2A,200,OK,bp09 4-1,text,true,,111422,0,1,5,0,0,0
1494489204585,3354,bp09s2,200,OK,bp09 4-1,text,true,,294218,0,1,5,0,0,0
1494489212180,1450,bp10s1,200,OK,bp10 5-1,text,true,,70810,0,1,5,0,0,0
1494489211879,1450,bp10,200,"Number of samples in transaction : 1, number of failing samples : 0",bp10 5-1,,true,,70810,0,1,5,0,325,0
1494489208306,5348,bp09s3,200,OK,bp09 4-1,text,true,,158002,0,1,5,0,0,0
1494489213980,3060,bp09s4,200,OK,bp09 4-1,text,true,,294218,0,1,5,0,0,0
1494489217381,4432,bp09s5,200,OK,bp09 4-1,text,true,,155922,0,1,5,0,0,0
1494489193795,30817,bp08s7,200,OK,bp08 3-1,text,true,,219221,0,1,5,0,0,0
1494489222139,2677,bp09s6,200,OK,bp09 4-1,text,true,,294217,0,1,5,0,0,0
1494489224950,3409,bp08s8,200,OK,bp08 3-1,text,true,,111703,0,1,5,0,0,0
1494489115602,109780,bp08,200,"Number of samples in transaction : 10, number of failing samples : 0",bp08 3-1,,true,,1876728,0,1,5,0,3011,0
1494489225157,5355,bp09s7,200,OK,bp09 4-1,text,true,,194963,0,1,5,0,0,0
1494489230861,4187,bp09s8,200,OK,bp09 4-1,text,true,,111631,0,1,5,0,0,0
1494489200564,31487,bp09,200,"Number of samples in transaction : 10, number of failing samples : 0",bp09 4-1,,true,,1726018,0,1,5,0,3024,0
1494489271319,4253,bp07s1,200,OK,bp07 2-1,text,true,,111321,0,1,5,0,0,0
1494489275897,147,bp07s2,200,OK,bp07 2-1,text,true,,110238,0,1,5,0,0,0
1494489276474,1936,bp07s3,200,OK,bp07 2-1,text,true,,135159,0,1,5,0,0,0
1494489278738,1816,bp07s4,200,OK,bp07 2-1,text,true,,109520,0,1,5,0,0,0
1494489280872,1839,bp07s5,200,OK,bp07 2-1,text,true,,135160,0,1,5,0,0,0
1494489283046,97,bp07s6,200,OK,bp07 2-1,text,false,"Test failed: text expected to contain /<h1 class=""short-header-title"">Moving to Perth</h1>/",135183,0,1,5,0,0,0
1494489285117,1869,bp07s7,200,OK,bp07 2-1,text,true,,135159,0,1,5,0,0,0
1494489287347,2085,bp07s8,200,OK,bp07 2-1,text,true,,161180,0,1,5,0,0,0
1494489289730,1777,bp07s9,200,OK,bp07 2-1,text,true,,135160,0,1,5,0,0,0
1494489291868,1724,bp07s10,200,OK,bp07 2-1,text,true,,88826,0,1,5,0,0,0
1494489293913,1766,bp07s11,200,OK,bp07 2-1,text,true,,135160,0,1,5,0,0,0
1494489295971,1706,bp07s12,200,OK,bp07 2-1,text,true,,92017,0,1,5,0,0,0
1494489298005,1857,bp07s13,200,OK,bp07 2-1,text,true,,135159,0,1,5,0,0,0
1494489300182,1669,bp07s14,200,OK,bp07 2-1,text,true,,88105,0,1,5,0,0,0
1494489302225,3669,bp07s15,200,OK,bp07 2-1,text,true,,111319,0,1,5,0,0,0
1494489271006,28210,bp07,,"Number of samples in transaction : 15, number of failing samples : 1",bp07 2-1,,false,,1818666,0,1,5,0,6853,0
1494489321009,3315,bp06s1,200,OK,bp06 1-1,text,true,,111542,0,1,5,0,0,0
1494489324660,3790,bp06s2,200,OK,bp06 1-1,text,true,,97242,0,1,5,0,0,0
1494489328778,1625,bp06s3,200,OK,bp06 1-1,text,false,Test failed: text expected to contain /<title> Master of Health Science Physiology</title>/,84452,0,1,5,0,0,0
1494489330749,1552,bp06s4,200,OK,bp06 1-1,text,false,Test failed: text expected to contain /<title> Master of Health Science Physiology</title>/,84450,0,1,5,0,0,0
1494489332638,1502,bp06s5,200,OK,bp06 1-1,text,false,Test failed: text expected to contain /<title> Master of Health Science Physiology</title>/,84451,0,1,5,0,0,0
1494489334442,1579,bp06s6,200,OK,bp06 1-1,text,false,Test failed: text expected to contain /<title> Master of Health Science Physiology</title>/,84452,0,1,5,0,0,0
1494489336362,1750,bp06s7,200,OK,bp06 1-1,text,false,Test failed: text expected to contain /<title> Master of Health Science Physiology</title>/,84452,0,1,5,0,0,0
1494489338452,1482,bp06s8,200,OK,bp06 1-1,text,false,Test failed: text expected to contain /<title> Master of Health Science Physiology</title>/,84451,0,1,5,0,0,0
1494489340272,1586,bp06s9,200,OK,bp06 1-1,text,false,Test failed: text expected to contain /<title> Master of Health Science Physiology</title>/,84452,0,1,5,0,0,0
1494489342197,3018,bp06s10,200,OK,bp06 1-1,text,true,,111542,0,1,5,0,0,0
1494489320696,21199,bp06,,"Number of samples in transaction : 10, number of failing samples : 7",bp06 1-1,,false,,911486,0,1,5,0,3403,0
1494489394254,7590,bp10s1,200,OK,bp10 5-1,text,true,,70812,0,1,5,0,0,0
1494489393953,7590,bp10,200,"Number of samples in transaction : 1, number of failing samples : 0",bp10 5-1,,true,,70812,0,1,5,0,319,0
1494489409006,4769,bp08s1,200,OK,bp08 3-1,text,true,,111432,0,1,5,0,0,0
1494489414123,85,bp08s2A,200,OK,bp08 3-1,text,true,,111432,0,1,5,0,0,0
1494489414560,3121,bp08s2,200,OK,bp08 3-1,text,true,,294218,0,1,5,0,0,0
1494489415666,4811,bp09s1,200,OK,bp09 4-1,text,true,,111431,0,1,5,0,0,0
1494489420799,94,bp09s2A,200,OK,bp09 4-1,text,true,,111428,0,1,5,0,0,0
1494489421246,3243,bp09s2,200,OK,bp09 4-1,text,true,,294220,0,1,5,0,0,0
1494489424830,1745,bp09s3,200,OK,bp09 4-1,text,false,Test failed: text expected to contain /<title>Master of Health Science Human Biology</title>/,84450,0,1,5,0,0,0
1494489426894,3205,bp09s4,200,OK,bp09 4-1,text,true,,294215,0,1,5,0,0,0
1494489418022,14253,bp08s3,200,OK,bp08 3-1,text,true,,203662,0,1,5,0,0,0
1494489430452,2406,bp09s5,200,OK,bp09 4-1,text,false,Test failed: text expected to contain /<title>Master of Health Science Neuroscience</title>/,84452,0,1,5,0,0,0
1494489432616,3951,bp08s4,200,OK,bp08 3-1,text,true,,294220,0,1,5,0,0,0
1494489433176,3909,bp09s6,200,OK,bp09 4-1,text,true,,294220,0,1,5,0,0,0
1494489437436,5156,bp09s7,200,OK,bp09 4-1,text,true,,159262,0,1,5,0,0,0
1494489442918,2923,bp09s8,200,OK,bp09 4-1,text,true,,111650,0,1,5,0,0,0
1494489415365,27492,bp09,,"Number of samples in transaction : 10, number of failing samples : 2",bp09 4-1,,false,,1545328,0,1,5,0,3007,0
1494489436909,24485,bp08s5,200,OK,bp08 3-1,text,true,,201100,0,1,5,0,0,0
1494489461721,3157,bp08s6,200,OK,bp08 3-1,text,true,,294218,0,1,5,0,0,0
1494489465257,11312,bp08s7,200,OK,bp08 3-1,text,true,,199554,0,1,5,0,0,0
1494489476900,2984,bp08s8,200,OK,bp08 3-1,text,true,,111812,0,1,5,0,0,0
1494489408710,68117,bp08,200,"Number of samples in transaction : 10, number of failing samples : 0",bp08 3-1,,true,,1821648,0,1,5,0,3102,0
1494489486520,3148,bp07s1,200,OK,bp07 2-1,text,true,,111317,0,1,5,0,0,0
1494489489995,114,bp07s2,200,OK,bp07 2-1,text,true,,110234,0,1,5,0,0,0
1494489490571,1771,bp07s3,200,OK,bp07 2-1,text,true,,135159,0,1,5,0,0,0
1494489492693,1817,bp07s4,200,OK,bp07 2-1,text,true,,109521,0,1,5,0,0,0
1494489494817,1768,bp07s5,200,OK,bp07 2-1,text,true,,135160,0,1,5,0,0,0
1494489496912,1812,bp07s6,200,OK,bp07 2-1,text,true,,94395,0,1,5,0,0,0
1494489499072,1744,bp07s7,200,OK,bp07 2-1,text,true,,135160,0,1,5,0,0,0
1494489501164,2075,bp07s8,200,OK,bp07 2-1,text,true,,161182,0,1,5,0,0,0
1494489503581,1914,bp07s9,200,OK,bp07 2-1,text,true,,135160,0,1,5,0,0,0
1494489505802,1743,bp07s10,200,OK,bp07 2-1,text,true,,88825,0,1,5,0,0,0
1494489507891,1753,bp07s11,200,OK,bp07 2-1,text,true,,135159,0,1,5,0,0,0
1494489509968,1730,bp07s12,200,OK,bp07 2-1,text,true,,92016,0,1,5,0,0,0
1494489512012,1842,bp07s13,200,OK,bp07 2-1,text,true,,135160,0,1,5,0,0,0
1494489514188,1669,bp07s14,200,OK,bp07 2-1,text,true,,88105,0,1,5,0,0,0
1494489516175,2865,bp07s15,200,OK,bp07 2-1,text,true,,111320,0,1,5,0,0,0
1494489486199,27765,bp07,200,"Number of samples in transaction : 15, number of failing samples : 0",bp07 2-1,,true,,1777873,0,1,5,0,5214,0
1494489525876,3296,bp06s1,200,OK,bp06 1-1,text,true,,111543,0,1,5,0,0,0
1494489529503,319,bp06s2,200,OK,bp06 1-1,text,true,,97139,0,1,5,0,0,0
1494489533370,3123,bp06s3,200,OK,bp06 1-1,text,true,,148048,0,1,5,0,0,0
1494489536804,3561,bp06s4,200,OK,bp06 1-1,text,true,,148192,0,1,5,0,0,0
1494489540706,3037,bp06s5,200,OK,bp06 1-1,text,true,,148197,0,1,5,0,0,0
1494489544069,2843,bp06s6,200,OK,bp06 1-1,text,true,,148203,0,1,5,0,0,0
1494489547255,3479,bp06s7,200,OK,bp06 1-1,text,true,,148196,0,1,5,0,0,0
1494489551059,2918,bp06s8,200,OK,bp06 1-1,text,true,,148184,0,1,5,0,0,0
1494489554314,2953,bp06s9,200,OK,bp06 1-1,text,true,,148187,0,1,5,0,0,0
1494489557597,3615,bp06s10,200,OK,bp06 1-1,text,true,,111483,0,1,5,0,0,0
1494489525578,29144,bp06,200,"Number of samples in transaction : 10, number of failing samples : 0",bp06 1-1,,true,,1357372,0,1,5,0,6610,0
1494489582442,1526,bp10s1,200,OK,bp10 5-1,text,true,,70809,0,1,5,0,0,0
1494489582141,1526,bp10,200,"Number of samples in transaction : 1, number of failing samples : 0",bp10 5-1,,true,,70809,0,1,5,0,318,0
1494489626530,3401,bp09s1,200,OK,bp09 4-1,text,true,,111432,0,1,5,0,0,0
1494489630251,102,bp09s2A,200,OK,bp09 4-1,text,true,,111429,0,1,5,0,0,0
1494489630699,2930,bp09s2,200,OK,bp09 4-1,text,true,,294220,0,1,5,0,0,0
1494489633976,3656,bp09s3,200,OK,bp09 4-1,text,true,,152736,0,1,5,0,0,0
1494489637954,2654,bp09s4,200,OK,bp09 4-1,text,true,,294220,0,1,5,0,0,0
1494489640934,1697,bp09s5,200,OK,bp09 4-1,text,false,Test failed: text expected to contain /<title>Master of Human Biology - Coursework and Dissertation</title>/,84451,0,1,5,0,0,0
1494489642947,2806,bp09s6,200,OK,bp09 4-1,text,true,,294220,0,1,5,0,0,0
1494489646102,3690,bp09s7,200,OK,bp09 4-1,text,true,,163578,0,1,5,0,0,0
1494489650129,2694,bp09s8,200,OK,bp09 4-1,text,true,,111538,0,1,5,0,0,0
1494489626217,23630,bp09,,"Number of samples in transaction : 10, number of failing samples : 1",bp09 4-1,,false,,1617824,0,1,5,0,3088,0
1494489660514,2842,bp08s1,200,OK,bp08 3-1,text,true,,111431,0,1,5,0,0,0
1494489663679,86,bp08s2A,200,OK,bp08 3-1,text,true,,111431,0,1,5,0,0,0
1494489664123,2691,bp08s2,200,OK,bp08 3-1,text,true,,294218,0,1,5,0,0,0
1494489667164,20757,bp08s3,200,OK,bp08 3-1,text,true,,207802,0,1,5,0,0,0
1494489688301,2815,bp08s4,200,OK,bp08 3-1,text,true,,294216,0,1,5,0,0,0
1494489691452,9619,bp08s5,200,OK,bp08 3-1,text,true,,192578,0,1,5,0,0,0
1494489701410,2699,bp08s6,200,OK,bp08 3-1,text,true,,294220,0,1,5,0,0,0
1494489699659,4558,bp07s1,200,OK,bp07 2-1,text,true,,111319,0,1,5,0,0,0
1494489704545,119,bp07s2,200,OK,bp07 2-1,text,true,,110236,0,1,5,0,0,0
1494489705003,1963,bp07s3,200,OK,bp07 2-1,text,true,,135159,0,1,5,0,0,0
1494489707291,1959,bp07s4,200,OK,bp07 2-1,text,true,,109521,0,1,5,0,0,0
1494489709595,1900,bp07s5,200,OK,bp07 2-1,text,true,,135159,0,1,5,0,0,0
1494489711818,1747,bp07s6,200,OK,bp07 2-1,text,true,,94395,0,1,5,0,0,0
1494489713890,1847,bp07s7,200,OK,bp07 2-1,text,true,,135159,0,1,5,0,0,0
1494489716061,3418,bp07s8,200,OK,bp07 2-1,text,true,,161184,0,1,5,0,0,0
1494489704471,15494,bp08s7,200,OK,bp08 3-1,text,true,,193394,0,1,5,0,0,0
1494489719812,2321,bp07s9,200,OK,bp07 2-1,text,true,,135159,0,1,5,0,0,0
1494489722466,2371,bp07s10,200,OK,bp07 2-1,text,true,,88825,0,1,5,0,0,0
1494489720303,6195,bp08s8,200,OK,bp08 3-1,text,true,,111754,0,1,5,0,0,0
1494489660201,63198,bp08,200,"Number of samples in transaction : 10, number of failing samples : 0",bp08 3-1,,true,,1811044,0,1,5,0,3127,0
1494489725158,2517,bp07s11,200,OK,bp07 2-1,text,true,,135159,0,1,5,0,0,0
1494489728001,1798,bp07s12,200,OK,bp07 2-1,text,true,,92016,0,1,5,0,0,0
1494489730149,3956,bp07s13,200,OK,bp07 2-1,text,true,,135159,0,1,5,0,0,0
1494489734419,2871,bp07s14,200,OK,bp07 2-1,text,true,,88104,0,1,5,0,0,0
1494489737618,4824,bp07s15,200,OK,bp07 2-1,text,true,,111319,0,1,5,0,0,0
1494489699358,38169,bp07,200,"Number of samples in transaction : 15, number of failing samples : 0",bp07 2-1,,true,,1777873,0,1,5,0,4957,0
1494489741816,3861,bp06s1,200,OK,bp06 1-1,text,true,,111481,0,1,5,0,0,0
1494489746016,3312,bp06s2,200,OK,bp06 1-1,text,true,,96970,0,1,5,0,0,0
1494489749635,2354,bp06s3,200,OK,bp06 1-1,text,false,Test failed: text expected to contain /<title>Lawyer</title>/,84451,0,1,5,0,0,0
1494489752311,1422,bp06s4,200,OK,bp06 1-1,text,false,Test failed: text expected to contain /<title>Lawyer</title>/,84452,0,1,5,0,0,0
1494489754130,1601,bp06s5,200,OK,bp06 1-1,text,false,Test failed: text expected to contain /<title>Lawyer</title>/,84452,0,1,5,0,0,0
1494489756075,2012,bp06s6,200,OK,bp06 1-1,text,false,Test failed: text expected to contain /<title>Lawyer</title>/,84452,0,1,5,0,0,0
1494489758431,1718,bp06s7,200,OK,bp06 1-1,text,false,Test failed: text expected to contain /<title>Lawyer</title>/,84452,0,1,5,0,0,0
1494489760479,1817,bp06s8,200,OK,bp06 1-1,text,false,Test failed: text expected to contain /<title>Lawyer</title>/,84452,0,1,5,0,0,0
1494489762647,1673,bp06s9,200,OK,bp06 1-1,text,false,Test failed: text expected to contain /<title>Lawyer</title>/,84452,0,1,5,0,0,0
1494489764626,1629,bp10s1,200,OK,bp10 5-1,text,true,,70812,0,1,5,0,0,0
1494489764325,1629,bp10,200,"Number of samples in transaction : 1, number of failing samples : 0",bp10 5-1,,true,,70812,0,1,5,0,319,0
1494489764613,2804,bp06s10,200,OK,bp06 1-1,text,true,,111483,0,1,5,0,0,0
1494489741515,22574,bp06,,"Number of samples in transaction : 10, number of failing samples : 7",bp06 1-1,,false,,911097,0,1,5,0,3523,0
1494489833441,3298,bp09s1,200,OK,bp09 4-1,text,true,,111426,0,1,5,0,0,0
1494489837111,91,bp09s2A,200,OK,bp09 4-1,text,true,,111423,0,1,5,0,0,0
1494489837551,2831,bp09s2,200,OK,bp09 4-1,text,true,,294216,0,1,5,0,0,0
1494489840738,4297,bp09s3,200,OK,bp09 4-1,text,true,,141103,0,1,5,0,0,0
1494489845370,2616,bp09s4,200,OK,bp09 4-1,text,true,,294220,0,1,5,0,0,0
1494489848338,3501,bp09s5,200,OK,bp09 4-1,text,false,Test failed: text expected to contain /<title>Master of Infectious Diseases - Coursework - Dissertation</title>/,150695,0,1,5,0,0,0
1494489852169,2472,bp09s6,200,OK,bp09 4-1,text,true,,294216,0,1,5,0,0,0
1494489854992,3023,bp09s7,200,OK,bp09 4-1,text,true,,132500,0,1,5,0,0,0
1494489858388,2729,bp09s8,200,OK,bp09 4-1,text,true,,111432,0,1,5,0,0,0
1494489833128,24858,bp09,,"Number of samples in transaction : 10, number of failing samples : 1",bp09 4-1,,false,,1641231,0,1,5,0,3157,0
1494489907138,4147,bp08s1,200,OK,bp08 3-1,text,true,,111427,0,1,5,0,0,0
1494489911624,97,bp08s2A,200,OK,bp08 3-1,text,true,,111427,0,1,5,0,0,0
1494489912043,3257,bp08s2,200,OK,bp08 3-1,text,true,,294219,0,1,5,0,0,0
1494489923054,5772,bp07s1,200,OK,bp07 2-1,text,true,,111319,0,1,5,0,0,0
1494489929153,118,bp07s2,200,OK,bp07 2-1,text,true,,110236,0,1,5,0,0,0
1494489915654,14721,bp08s3,200,OK,bp08 3-1,text,true,,204791,0,1,5,0,0,0
1494489929736,2512,bp07s3,200,OK,bp07 2-1,text,true,,135160,0,1,5,0,0,0
1494489930691,3290,bp08s4,200,OK,bp08 3-1,text,true,,294217,0,1,5,0,0,0
1494489932576,2312,bp07s4,200,OK,bp07 2-1,text,true,,109521,0,1,5,0,0,0
1494489935210,2093,bp07s5,200,OK,bp07 2-1,text,true,,135159,0,1,5,0,0,0
1494489937635,1773,bp07s6,200,OK,bp07 2-1,text,true,,94395,0,1,5,0,0,0
1494489939728,2179,bp07s7,200,OK,bp07 2-1,text,true,,135158,0,1,5,0,0,0
1494489942262,2416,bp07s8,200,OK,bp07 2-1,text,true,,161186,0,1,5,0,0,0
1494489945008,2508,bp07s9,200,OK,bp07 2-1,text,true,,135160,0,1,5,0,0,0
1494489946874,1714,bp10s1,200,OK,bp10 5-1,text,true,,70811,0,1,5,0,0,0
1494489946573,1714,bp10,200,"Number of samples in transaction : 1, number of failing samples : 0",bp10 5-1,,true,,70811,0,1,5,0,321,0
1494489947842,1888,bp07s10,200,OK,bp07 2-1,text,true,,88825,0,1,5,0,0,0
1494489948128,3540,bp06s1,200,OK,bp06 1-1,text,true,,111479,0,1,5,0,0,0
1494489950050,2313,bp07s11,200,OK,bp07 2-1,text,true,,135160,0,1,5,0,0,0
1494489952692,1888,bp07s12,200,OK,bp07 2-1,text,true,,92017,0,1,5,0,0,0
1494489952134,3217,bp06s2,200,OK,bp06 1-1,text,true,,100507,0,1,5,0,0,0
1494489954901,1906,bp07s13,200,OK,bp07 2-1,text,true,,135159,0,1,5,0,0,0
1494489955671,1467,bp06s3,200,OK,bp06 1-1,text,false,Test failed: text expected to contain /<title>Master of Science Communication and Education  Coursework</title>/,84452,0,1,5,0,0,0
1494489934330,23211,bp08s5,200,OK,bp08 3-1,text,true,,191654,0,1,5,0,0,0
1494489957131,2393,bp07s14,200,OK,bp07 2-1,text,true,,88105,0,1,5,0,0,0
1494489957569,1978,bp06s4,200,OK,bp06 1-1,text,false,Test failed: text expected to contain /<title>Master of Science Communication and Education  Coursework</title>/,84452,0,1,5,0,0,0
1494489957874,2836,bp08s6,200,OK,bp08 3-1,text,true,,294218,0,1,5,0,0,0
1494489959865,2272,bp06s5,200,OK,bp06 1-1,text,false,Test failed: text expected to contain /<title>Master of Science Communication and Education  Coursework</title>/,84452,0,1,5,0,0,0
1494489962456,1590,bp06s6,200,OK,bp06 1-1,text,false,Test failed: text expected to contain /<title>Master of Science Communication and Education  Coursework</title>/,84450,0,1,5,0,0,0
1494489959854,4403,bp07s15,200,OK,bp07 2-1,text,true,,111318,0,1,5,0,0,0
1494489922753,36474,bp07,200,"Number of samples in transaction : 15, number of failing samples : 0",bp07 2-1,,true,,1777878,0,1,5,0,5051,0
1494489964383,1589,bp06s7,200,OK,bp06 1-1,text,false,Test failed: text expected to contain /<title>Master of Science Communication and Education  Coursework</title>/,84452,0,1,5,0,0,0
1494489966290,1796,bp06s8,200,OK,bp06 1-1,text,false,Test failed: text expected to contain /<title>Master of Science Communication and Education  Coursework</title>/,84452,0,1,5,0,0,0
1494489968412,2040,bp06s9,200,OK,bp06 1-1,text,false,Test failed: text expected to contain /<title>Master of Science Communication and Education  Coursework</title>/,84452,0,1,5,0,0,0
1494489970772,3027,bp06s10,200,OK,bp06 1-1,text,true,,111481,0,1,5,0,0,0
1494489947827,22516,bp06,,"Number of samples in transaction : 10, number of failing samples : 7",bp06 1-1,,false,,914629,0,1,5,0,3603,0
1494489961051,17086,bp08s7,200,OK,bp08 3-1,text,true,,185166,0,1,5,0,0,0
1494489978469,3389,bp08s8,200,OK,bp08 3-1,text,true,,111468,0,1,5,0,0,0
1494489906805,72034,bp08,200,"Number of samples in transaction : 10, number of failing samples : 0",bp08 3-1,,true,,1798587,0,1,5,0,3055,0
1494490041734,4604,bp09s1,200,OK,bp09 4-1,text,true,,111430,0,1,5,0,0,0
1494490046688,90,bp09s2A,200,OK,bp09 4-1,text,true,,111427,0,1,5,0,0,0
1494490047124,2857,bp09s2,200,OK,bp09 4-1,text,true,,294219,0,1,5,0,0,0
1494490050338,7184,bp09s3,200,OK,bp09 4-1,text,true,,161296,0,1,5,0,0,0
1494490057851,3559,bp09s4,200,OK,bp09 4-1,text,true,,294219,0,1,5,0,0,0
1494490061761,3979,bp09s5,200,OK,bp09 4-1,text,true,,164692,0,1,5,0,0,0
1494490066057,2690,bp09s6,200,OK,bp09 4-1,text,true,,294217,0,1,5,0,0,0
1494490069089,6287,bp09s7,200,OK,bp09 4-1,text,true,,188329,0,1,5,0,0,0
1494490075728,2972,bp09s8,200,OK,bp09 4-1,text,true,,111644,0,1,5,0,0,0
1494490041421,34222,bp09,200,"Number of samples in transaction : 10, number of failing samples : 0",bp09 4-1,,true,,1731473,0,1,5,0,3141,0
1494490129308,3503,bp10s1,200,OK,bp10 5-1,text,true,,70811,0,1,5,0,0,0
1494490129007,3503,bp10,200,"Number of samples in transaction : 1, number of failing samples : 0",bp10 5-1,,true,,70811,0,1,5,0,317,0
1494490144889,3524,bp07s1,200,OK,bp07 2-1,text,true,,111319,0,1,5,0,0,0
1494490148760,112,bp07s2,200,OK,bp07 2-1,text,true,,110236,0,1,5,0,0,0
1494490149292,1831,bp07s3,200,OK,bp07 2-1,text,true,,135160,0,1,5,0,0,0
1494490151470,1928,bp07s4,200,OK,bp07 2-1,text,true,,109520,0,1,5,0,0,0
1494490153746,1732,bp07s5,200,OK,bp07 2-1,text,true,,135159,0,1,5,0,0,0
1494490155773,1829,bp07s6,200,OK,bp07 2-1,text,true,,94395,0,1,5,0,0,0
1494490154547,3113,bp06s1,200,OK,bp06 1-1,text,true,,111483,0,1,5,0,0,0
1494490157924,2007,bp07s7,200,OK,bp07 2-1,text,true,,135160,0,1,5,0,0,0
1494490158020,3542,bp06s2,200,OK,bp06 1-1,text,true,,97147,0,1,5,0,0,0
1494490160283,2291,bp07s8,200,OK,bp07 2-1,text,true,,161186,0,1,5,0,0,0
1494490162903,1862,bp07s9,200,OK,bp07 2-1,text,true,,135160,0,1,5,0,0,0
1494490162495,2994,bp08s1,200,OK,bp08 3-1,text,true,,111430,0,1,5,0,0,0
1494490165815,92,bp08s2A,200,OK,bp08 3-1,text,true,,111430,0,1,5,0,0,0
1494490165092,1829,bp07s10,200,OK,bp07 2-1,text,true,,88826,0,1,5,0,0,0
1494490166269,2954,bp08s2,200,OK,bp08 3-1,text,true,,294220,0,1,5,0,0,0
1494490167280,1979,bp07s11,200,OK,bp07 2-1,text,true,,135158,0,1,5,0,0,0
1494490169589,1694,bp07s12,200,OK,bp07 2-1,text,true,,92016,0,1,5,0,0,0
1494490171603,1785,bp07s13,200,OK,bp07 2-1,text,true,,135159,0,1,5,0,0,0
1494490161886,12480,bp06s3,200,OK,bp06 1-1,text,true,,176422,0,1,5,0,0,0
1494490173714,1826,bp07s14,200,OK,bp07 2-1,text,true,,88105,0,1,5,0,0,0
1494490175860,3084,bp07s15,200,OK,bp07 2-1,text,true,,111318,0,1,5,0,0,0
1494490144576,29313,bp07,200,"Number of samples in transaction : 15, number of failing samples : 0",bp07 2-1,,true,,1777877,0,1,5,0,5124,0
1494490169573,10272,bp08s3,200,OK,bp08 3-1,text,true,,196455,0,1,5,0,0,0
1494490180185,2811,bp08s4,200,OK,bp08 3-1,text,true,,294219,0,1,5,0,0,0
1494490174830,10373,bp06s4,200,OK,bp06 1-1,text,true,,176569,0,1,5,0,0,0
1494490185655,14401,bp06s5,200,OK,bp06 1-1,text,true,,176582,0,1,5,0,0,0
1494490183338,24699,bp08s5,200,OK,bp08 3-1,text,true,,208930,0,1,5,0,0,0
1494490208373,2883,bp08s6,200,OK,bp08 3-1,text,true,,294218,0,1,5,0,0,0
1494490200505,13053,bp06s6,200,OK,bp06 1-1,text,true,,176574,0,1,5,0,0,0
1494490214010,10046,bp06s7,200,OK,bp06 1-1,text,true,,176573,0,1,5,0,0,0
1494490211597,15444,bp08s7,200,OK,bp08 3-1,text,true,,199648,0,1,5,0,0,0
1494490227374,3069,bp08s8,200,OK,bp08 3-1,text,true,,111515,0,1,5,0,0,0
1494490162194,65218,bp08,200,"Number of samples in transaction : 10, number of failing samples : 0",bp08 3-1,,true,,1822065,0,1,5,0,3053,0
1494490224508,9226,bp06s8,200,OK,bp06 1-1,text,true,,176567,0,1,5,0,0,0
1494490234196,9283,bp06s9,200,OK,bp06 1-1,text,true,,176563,0,1,5,0,0,0
